,url,latitud,longitude,n_reviews
0,https://www.tripadvisor.com.ar/Attraction_Review-g35805-d103239-Reviews-The_Art_Institute_of_Chicago-Chicago_Illinois.html,41.879566,-87.623756,24.544 opiniones
1,https://www.tripadvisor.com.ar/Attraction_Review-g35805-d278811-Reviews-Millennium_Park-Chicago_Illinois.html,41.882557,-87.622551,25.134 opiniones
2,https://www.tripadvisor.com.ar/Attraction_Review-g35805-d131645-Reviews-Museum_of_Science_and_Industry-Chicago_Illinois.html,41.790562,-87.583023,11.185 opiniones
3,https://www.tripadvisor.com.ar/Attraction_Review-g35805-d1134861-Reviews-Cloud_Gate-Chicago_Illinois.html,41.882618,-87.623322,18.280 opiniones
4,https://www.tripadvisor.com.ar/Attraction_Review-g35805-d109779-Reviews-The_Magnificent_Mile-Chicago_Illinois.html,41.894810,-87.624222,15.799 opiniones
5,https://www.tripadvisor.com.ar/Attraction_Review-g35805-d107442-Reviews-Chicago_Architecture_Center-Chicago_Illinois.html,41.888077,-87.623589,3.288 opiniones
6,https://www.tripadvisor.com.ar/Attraction_Review-g35805-d103238-Reviews-Skydeck_Chicago_Willis_Tower-Chicago_Illinois.html,41.878700,-87.635979,17.863 opiniones
7,https://www.tripadvisor.com.ar/Attraction_Review-g35805-d104004-Reviews-Wrigley_Field-Chicago_Illinois.html,41.948158,-87.655647,9.948 opiniones
8,https://www.tripadvisor.com.ar/Attraction_Review-g35805-d103999-Reviews-Field_Museum-Chicago_Illinois.html,41.866360,-87.617012,8.929 opiniones
9,https://www.tripadvisor.com.ar/Attraction_Review-g60887-d270646-Reviews-Abraham_Lincoln_Presidential_Library_and_Museum-Springfield_Illinois.html,39.803299,-89.647316,4.602 opiniones
10,https://www.tripadvisor.com.ar/Attraction_Review-g36022-d4884984-Reviews-Blaum_Bros_Distilling_Co-Galena_Illinois.html,42.406418,-90.410316,2.521 opiniones
11,https://www.tripadvisor.com.ar/Attraction_Review-g35805-d110153-Reviews-Lincoln_Park_Zoo-Chicago_Illinois.html,41.921902,-87.632339,5.976 opiniones
12,https://www.tripadvisor.com.ar/Attraction_Review-g60887-d143197-Reviews-Lincoln_Home_National_Historic_Site-Springfield_Illinois.html,39.798069,-89.645142,2.885 opiniones
13,https://www.tripadvisor.com.ar/Attraction_Review-g35805-d142948-Reviews-Navy_Pier-Chicago_Illinois.html,41.891846,-87.605087,15.164 opiniones
14,https://www.tripadvisor.com.ar/Attraction_Review-g35805-d3743225-Reviews-Chicago_Riverwalk-Chicago_Illinois.html,41.880569,-87.637138,3.096 opiniones
15,https://www.tripadvisor.com.ar/Attraction_Review-g35805-d103785-Reviews-Chicago_Cultural_Center-Chicago_Illinois.html,41.883411,-87.625160,3.060 opiniones
16,https://www.tripadvisor.com.ar/Attraction_Review-g36022-d4418364-Reviews-P_T_Murphy_Magic_Theatre-Galena_Illinois.html,42.416466,-90.428688,872 opiniones
17,https://www.tripadvisor.com.ar/Attraction_Review-g36628-d1367739-Reviews-Historic_Auto_Attractions-Roscoe_Illinois.html,42.461220,-89.014618,495 opiniones
18,https://www.tripadvisor.com.ar/Attraction_Review-g35805-d2165189-Reviews-Richard_H_Driehaus_Museum-Chicago_Illinois.html,41.894314,-87.626564,1.470 opiniones
19,https://www.tripadvisor.com.ar/Attraction_Review-g35805-d8113935-Reviews-Chicago_River-Chicago_Illinois.html,41.887268,-87.631409,2.028 opiniones
20,https://www.tripadvisor.com.ar/Attraction_Review-g35805-d278386-Reviews-Buckingham_Fountain-Chicago_Illinois.html,41.877392,-87.619781,3.424 opiniones
21,https://www.tripadvisor.com.ar/Attraction_Review-g60887-d285325-Reviews-Dana_Thomas_House-Springfield_Illinois.html,39.793743,-89.651802,1.176 opiniones
22,https://www.tripadvisor.com.ar/Attraction_Review-g60887-d4310510-Reviews-Lincoln_Tomb_War_Memorials-Springfield_Illinois.html,39.819988,-89.654045,1.998 opiniones
23,https://www.tripadvisor.com.ar/Attraction_Review-g36022-d284982-Reviews-Ulysses_S_Grant_Home-Galena_Illinois.html,42.411152,-90.424469,1.407 opiniones
24,https://www.tripadvisor.com.ar/Attraction_Review-g35805-d104005-Reviews-United_Center-Chicago_Illinois.html,41.881191,-87.674469,1.505 opiniones
25,https://www.tripadvisor.com.ar/Attraction_Review-g36483-d277909-Reviews-Starved_Rock_State_Park-Oglesby_Illinois.html,41.316040,-88.994820,1.612 opiniones
26,https://www.tripadvisor.com.ar/Attraction_Review-g35805-d560679-Reviews-Garfield_Park_Conservatory-Chicago_Illinois.html,41.886162,-87.717674,855 opiniones
27,https://www.tripadvisor.com.ar/Attraction_Review-g35805-d103239-Reviews-The_Art_Institute_of_Chicago-Chicago_Illinois.html,41.879566,-87.623756,24.544 opiniones
28,https://www.tripadvisor.com.ar/Attraction_Review-g35805-d278811-Reviews-Millennium_Park-Chicago_Illinois.html,41.882557,-87.622551,25.134 opiniones
29,https://www.tripadvisor.com.ar/Attraction_Review-g35805-d131645-Reviews-Museum_of_Science_and_Industry-Chicago_Illinois.html,41.790562,-87.583023,11.185 opiniones
30,https://www.tripadvisor.com.ar/Attraction_Review-g35805-d1134861-Reviews-Cloud_Gate-Chicago_Illinois.html,41.882618,-87.623322,18.280 opiniones
31,https://www.tripadvisor.com.ar/Attraction_Review-g35805-d109779-Reviews-The_Magnificent_Mile-Chicago_Illinois.html,41.894810,-87.624222,15.799 opiniones
32,https://www.tripadvisor.com.ar/Attraction_Review-g35805-d23630795-Reviews-Medieval_Torture_Museum-Chicago_Illinois.html,41.885380,-87.627670,601 opiniones
33,https://www.tripadvisor.com.ar/Attraction_Review-g35805-d284865-Reviews-Route_66-Chicago_Illinois.html,35.328911,-112.885269,1.154 opiniones
34,https://www.tripadvisor.com.ar/Attraction_Review-g35805-d4226139-Reviews-Lakefront_Trail-Chicago_Illinois.html,41.892422,-87.615059,2.448 opiniones
35,https://www.tripadvisor.com.ar/Attraction_Review-g35805-d103784-Reviews-The_Chicago_Theatre-Chicago_Illinois.html,41.885315,-87.627777,812 opiniones
36,https://www.tripadvisor.com.ar/Attraction_Review-g36619-d281992-Reviews-Anderson_Japanese_Gardens-Rockford_Illinois.html,42.289291,-89.058807,862 opiniones
37,https://www.tripadvisor.com.ar/Attraction_Review-g36022-d15050335-Reviews-Psychic_Medium_Chris_McBrien-Galena_Illinois.html,42.414478,-90.430328,322 opiniones
38,https://www.tripadvisor.com.ar/Attraction_Review-g35805-d132807-Reviews-Grant_Park-Chicago_Illinois.html,41.884300,-87.621620,931 opiniones
39,https://www.tripadvisor.com.ar/Attraction_Review-g35805-d497032-Reviews-University_of_Chicago-Chicago_Illinois.html,41.789612,-87.600937,476 opiniones
40,https://www.tripadvisor.com.ar/Attraction_Review-g35805-d8521544-Reviews-Engine_18_Chicago_Fire-Chicago_Illinois.html,41.864159,-87.656250,64 opiniones
41,https://www.tripadvisor.com.ar/Attraction_Review-g36022-d284981-Reviews-Dowling_House-Galena_Illinois.html,42.417080,-90.426971,223 opiniones
42,https://www.tripadvisor.com.ar/Attraction_Review-g35805-d21325824-Reviews-Museum_Of_Illusions_Chicago-Chicago_Illinois.html,41.883163,-87.626633,87 opiniones
43,https://www.tripadvisor.com.ar/Attraction_Review-g35805-d15262626-Reviews-John_Hancock_Center-Chicago_Illinois.html,41.898613,-87.623352,66 opiniones
44,https://www.tripadvisor.com.ar/Attraction_Review-g37209-d103671-Reviews-Children_s_Museum_of_Indianapolis-Indianapolis_Indiana.html,39.810604,-86.157776,3.973 opiniones
45,https://www.tripadvisor.com.ar/Attraction_Review-g37209-d103672-Reviews-Indianapolis_Motor_Speedway_Museum-Indianapolis_Indiana.html,39.789955,-86.233681,2.888 opiniones
46,https://www.tripadvisor.com.ar/Attraction_Review-g37209-d103675-Reviews-Indianapolis_Museum_of_Art-Indianapolis_Indiana.html,39.825569,-86.182503,1.472 opiniones
47,https://www.tripadvisor.com.ar/Attraction_Review-g37209-d274423-Reviews-Benjamin_Harrison_Presidential_Site-Indianapolis_Indiana.html,39.784092,-86.154259,521 opiniones
48,https://www.tripadvisor.com.ar/Attraction_Review-g37209-d1633438-Reviews-Lucas_Oil_Stadium-Indianapolis_Indiana.html,39.760170,-86.163765,1.618 opiniones
49,https://www.tripadvisor.com.ar/Attraction_Review-g37535-d184866-Reviews-University_of_Notre_Dame-South_Bend_Indiana.html,41.696217,-86.239120,1.072 opiniones
50,https://www.tripadvisor.com.ar/Attraction_Review-g37296-d967122-Reviews-Turkey_Run_State_Park-Marshall_Indiana.html,39.882301,-87.195839,681 opiniones
51,https://www.tripadvisor.com.ar/Attraction_Review-g37114-d567810-Reviews-Fort_Wayne_Children_s_Zoo-Fort_Wayne_Indiana.html,41.105633,-85.154243,1.191 opiniones
52,https://www.tripadvisor.com.ar/Attraction_Review-g37626-d12456575-Reviews-Urban_Vines_Winery_Brewery_Co-Westfield_Hamilton_County_Indiana.html,40.020947,-86.153519,580 opiniones
53,https://www.tripadvisor.com.ar/Attraction_Review-g37006-d259610-Reviews-Indiana_Dunes_State_Park-Chesterton_Indiana.html,41.652271,-87.062653,891 opiniones
54,https://www.tripadvisor.com.ar/Attraction_Review-g37209-d1682106-Reviews-Central_Canal-Indianapolis_Indiana.html,39.781620,-86.164940,1.161 opiniones
55,https://www.tripadvisor.com.ar/Attraction_Review-g37535-d183848-Reviews-Studebaker_National_Museum-South_Bend_Indiana.html,41.674675,-86.261887,614 opiniones
56,https://www.tripadvisor.com.ar/Attraction_Review-g37209-d103677-Reviews-Indiana_War_Memorial-Indianapolis_Indiana.html,39.773945,-86.156784,669 opiniones
57,https://www.tripadvisor.com.ar/Attraction_Review-g37209-d110141-Reviews-The_Eiteljorg_Museum-Indianapolis_Indiana.html,39.768566,-86.167900,869 opiniones
58,https://www.tripadvisor.com.ar/Attraction_Review-g37535-d4522203-Reviews-Basilica_of_the_Sacred_Heart-South_Bend_Indiana.html,41.700497,-86.240784,700 opiniones
59,https://www.tripadvisor.com.ar/Attraction_Review-g37361-d3974892-Reviews-Brown_County_State_Park-Nashville_Indiana.html,39.212101,-86.244568,846 opiniones
60,https://www.tripadvisor.com.ar/Attraction_Review-g37209-d2242259-Reviews-Victory_Field-Indianapolis_Indiana.html,39.764160,-86.168472,1.286 opiniones
61,https://www.tripadvisor.com.ar/Attraction_Review-g37093-d1817905-Reviews-USS_LST_Ship_Memorial-Evansville_Indiana.html,37.973305,-87.580460,383 opiniones
62,https://www.tripadvisor.com.ar/Attraction_Review-g37291-d268920-Reviews-Marengo_Cave-Marengo_Indiana.html,38.374546,-86.348869,464 opiniones
63,https://www.tripadvisor.com.ar/Attraction_Review-g37289-d103667-Reviews-Clifty_Falls_State_Park-Madison_Indiana.html,38.760880,-85.418793,667 opiniones
64,https://www.tripadvisor.com.ar/Attraction_Review-g37209-d103671-Reviews-Children_s_Museum_of_Indianapolis-Indianapolis_Indiana.html,39.810604,-86.157776,3.973 opiniones
65,https://www.tripadvisor.com.ar/Attraction_Review-g37209-d103672-Reviews-Indianapolis_Motor_Speedway_Museum-Indianapolis_Indiana.html,39.789955,-86.233681,2.888 opiniones
66,https://www.tripadvisor.com.ar/Attraction_Review-g37209-d103675-Reviews-Indianapolis_Museum_of_Art-Indianapolis_Indiana.html,39.825569,-86.182503,1.472 opiniones
67,https://www.tripadvisor.com.ar/Attraction_Review-g37209-d274288-Reviews-Indiana_State_Museum-Indianapolis_Indiana.html,39.769070,-86.169312,530 opiniones
68,https://www.tripadvisor.com.ar/Attraction_Review-g37209-d7038008-Reviews-Monument_Circle-Indianapolis_Indiana.html,39.768547,-86.158882,919 opiniones
69,https://www.tripadvisor.com.ar/Attraction_Review-g37027-d2169855-Reviews-Columbus_Visitors_Center-Columbus_Indiana.html,39.203979,-85.919502,520 opiniones
70,https://www.tripadvisor.com.ar/Attraction_Review-g37027-d2169859-Reviews-The_Miller_House_and_Garden-Columbus_Indiana.html,39.203758,-85.919518,227 opiniones
71,https://www.tripadvisor.com.ar/Attraction_Review-g36927-d207709-Reviews-Wolf_Park-Battle_Ground_Indiana.html,40.533989,-86.830582,177 opiniones
72,https://www.tripadvisor.com.ar/Attraction_Review-g37209-d1419413-Reviews-Indiana_Convention_Center-Indianapolis_Indiana.html,39.764339,-86.162178,513 opiniones
73,https://www.tripadvisor.com.ar/Attraction_Review-g42683-d2181753-Reviews-Saugatuck_Dune_Rides-Saugatuck_Allegan_County_Michigan.html,42.676891,-86.183693,3.614 opiniones
74,https://www.tripadvisor.com.ar/Attraction_Review-g42130-d103793-Reviews-Henry_Ford_Museum_of_American_Innovation-Dearborn_Michigan.html,42.304928,-83.234589,4.731 opiniones
75,https://www.tripadvisor.com.ar/Attraction_Review-g42256-d251807-Reviews-Frederik_Meijer_Gardens_Sculpture_Park-Grand_Rapids_Kent_County_Michigan.html,42.980751,-85.590172,3.054 opiniones
76,https://www.tripadvisor.com.ar/Attraction_Review-g42139-d265439-Reviews-Detroit_Institute_of_Arts-Detroit_Michigan.html,42.359276,-83.064651,2.993 opiniones
77,https://www.tripadvisor.com.ar/Attraction_Review-g42497-d134013-Reviews-Pictured_Rocks_National_Lakeshore-Munising_Upper_Peninsula_Michigan.html,46.423840,-86.625099,2.200 opiniones
78,https://www.tripadvisor.com.ar/Attraction_Review-g42139-d216637-Reviews-Motown_Museum-Detroit_Michigan.html,42.364140,-83.088348,2.141 opiniones
79,https://www.tripadvisor.com.ar/Attraction_Review-g42423-d277455-Reviews-Arch_Rock-Mackinac_Island_Mackinac_County_Upper_Peninsula_Michigan.html,45.857773,-84.606644,2.807 opiniones
80,https://www.tripadvisor.com.ar/Attraction_Review-g42424-d2244353-Reviews-Shepler_s_Mackinac_Island_Ferry-Mackinaw_City_Cheboygan_County_Michigan.html,45.781406,-84.722488,3.072 opiniones
81,https://www.tripadvisor.com.ar/Attraction_Review-g42575-d145616-Reviews-Tahquamenon_Falls_State_Park-Paradise_Upper_Peninsula_Michigan.html,,,
82,https://www.tripadvisor.com.ar/Attraction_Review-g42130-d2305153-Reviews-Greenfield_Village-Dearborn_Michigan.html,42.303936,-83.231300,2.584 opiniones
83,https://www.tripadvisor.com.ar/Attraction_Review-g42182-d143265-Reviews-Sleeping_Bear_Dunes_National_Lakeshore-Empire_Leelanau_County_Michigan.html,44.811661,-86.056099,1.923 opiniones
84,https://www.tripadvisor.com.ar/Attraction_Review-g42139-d257969-Reviews-Comerica_Park-Detroit_Michigan.html,42.337749,-83.051178,2.719 opiniones
85,https://www.tripadvisor.com.ar/Attraction_Review-g42684-d483530-Reviews-Soo_Locks-Sault_Ste_Marie_Upper_Peninsula_Michigan.html,46.503277,-84.351700,1.724 opiniones
86,https://www.tripadvisor.com.ar/Attraction_Review-g42423-d103906-Reviews-Fort_Mackinac-Mackinac_Island_Mackinac_County_Upper_Peninsula_Michigan.html,45.851955,-84.617271,2.129 opiniones
87,https://www.tripadvisor.com.ar/Attraction_Review-g42423-d615400-Reviews-Mackinac_Island_State_Park-Mackinac_Island_Mackinac_County_Upper_Peninsula_Michigan.html,45.857407,-84.618874,1.991 opiniones
88,https://www.tripadvisor.com.ar/Attraction_Review-g42671-d104191-Reviews-Mackinac_Bridge-Saint_Ignace_Mackinac_County_Upper_Peninsula_Michigan.html,45.863998,-84.718399,1.403 opiniones
89,https://www.tripadvisor.com.ar/Attraction_Review-g42139-d2234870-Reviews-Detroit_RiverFront-Detroit_Michigan.html,42.330639,-83.038338,1.480 opiniones
90,https://www.tripadvisor.com.ar/Attraction_Review-g42256-d107351-Reviews-Gerald_R_Ford_Museum-Grand_Rapids_Kent_County_Michigan.html,42.968182,-85.676971,1.147 opiniones
91,https://www.tripadvisor.com.ar/Attraction_Review-g42310-d1846443-Reviews-Holland_State_Park_Beach-Holland_Ottawa_County_Michigan.html,42.777412,-86.200249,1.398 opiniones
92,https://www.tripadvisor.com.ar/Attraction_Review-g42683-d142430-Reviews-Oval_Beach-Saugatuck_Allegan_County_Michigan.html,42.658489,-86.212257,1.094 opiniones
93,https://www.tripadvisor.com.ar/Attraction_Review-g42441-d2284760-Reviews-Presque_Isle_Park-Marquette_Upper_Peninsula_Michigan.html,46.587749,-87.379501,1.003 opiniones
94,https://www.tripadvisor.com.ar/Attraction_Review-g42139-d584774-Reviews-The_Ford_Piquette_Avenue_Plant-Detroit_Michigan.html,42.368690,-83.065239,572 opiniones
95,https://www.tripadvisor.com.ar/Attraction_Review-g42139-d1867837-Reviews-The_Guardian_Building-Detroit_Michigan.html,42.329559,-83.045982,757 opiniones
96,https://www.tripadvisor.com.ar/Attraction_Review-g42310-d490513-Reviews-Windmill_Island_Gardens-Holland_Ottawa_County_Michigan.html,42.799068,-86.095413,1.256 opiniones
97,https://www.tripadvisor.com.ar/Attraction_Review-g42423-d2262816-Reviews-Mackinac_Island_Ferry_Co-Mackinac_Island_Mackinac_County_Upper_Peninsula_Michigan.html,45.849617,-84.617401,1.567 opiniones
98,https://www.tripadvisor.com.ar/Attraction_Review-g42441-d618207-Reviews-Lakenenland_Sculpture_Park-Marquette_Upper_Peninsula_Michigan.html,46.492447,-87.153679,582 opiniones
99,https://www.tripadvisor.com.ar/Attraction_Review-g42424-d105698-Reviews-Colonial_Michilimackinac-Mackinaw_City_Cheboygan_County_Michigan.html,45.787769,-84.733223,959 opiniones
100,https://www.tripadvisor.com.ar/Attraction_Review-g42430-d8782846-Reviews-Kitch_Iti_Kipi_The_Big_Spring-Manistique_Upper_Peninsula_Michigan.html,46.004192,-86.382057,603 opiniones
101,https://www.tripadvisor.com.ar/Attraction_Review-g42276-d667426-Reviews-Quincy_Mine-Hancock_Upper_Peninsula_Michigan.html,47.139839,-88.572594,493 opiniones
102,https://www.tripadvisor.com.ar/Attraction_Review-g42683-d2181753-Reviews-Saugatuck_Dune_Rides-Saugatuck_Allegan_County_Michigan.html,42.676891,-86.183693,3.614 opiniones
103,https://www.tripadvisor.com.ar/Attraction_Review-g42130-d103793-Reviews-Henry_Ford_Museum_of_American_Innovation-Dearborn_Michigan.html,42.304928,-83.234589,4.731 opiniones
104,https://www.tripadvisor.com.ar/Attraction_Review-g42256-d251807-Reviews-Frederik_Meijer_Gardens_Sculpture_Park-Grand_Rapids_Kent_County_Michigan.html,42.980751,-85.590172,3.054 opiniones
105,https://www.tripadvisor.com.ar/Attraction_Review-g42139-d265439-Reviews-Detroit_Institute_of_Arts-Detroit_Michigan.html,42.359276,-83.064651,2.993 opiniones
106,https://www.tripadvisor.com.ar/Attraction_Review-g42497-d134013-Reviews-Pictured_Rocks_National_Lakeshore-Munising_Upper_Peninsula_Michigan.html,46.423840,-86.625099,2.200 opiniones
107,https://www.tripadvisor.com.ar/Attraction_Review-g42139-d216637-Reviews-Motown_Museum-Detroit_Michigan.html,42.364140,-83.088348,2.141 opiniones
108,https://www.tripadvisor.com.ar/Attraction_Review-g42554-d134274-Reviews-Porcupine_Mountains_Wilderness_State_Park-Ontonagon_Upper_Peninsula_Michigan.html,46.801590,-89.769257,633 opiniones
109,https://www.tripadvisor.com.ar/Attraction_Review-g42416-d2044388-Reviews-Ludington_State_Park-Ludington_Michigan.html,44.029362,-86.502670,982 opiniones
110,https://www.tripadvisor.com.ar/Attraction_Review-g42139-d560598-Reviews-Ford_Field-Detroit_Michigan.html,42.338749,-83.046303,877 opiniones
111,https://www.tripadvisor.com.ar/Attraction_Review-g42575-d1008116-Reviews-Great_Lakes_Shipwreck_Museum-Paradise_Upper_Peninsula_Michigan.html,46.770756,-84.958015,974 opiniones
112,https://www.tripadvisor.com.ar/Attraction_Review-g42758-d6690374-Reviews-Mission_Point_Lighthouse-Traverse_City_Grand_Traverse_County_Michigan.html,44.991138,-85.478813,923 opiniones
113,https://www.tripadvisor.com.ar/Attraction_Review-g42671-d1840645-Reviews-Castle_Rock-Saint_Ignace_Mackinac_County_Upper_Peninsula_Michigan.html,45.909180,-84.738762,658 opiniones
114,https://www.tripadvisor.com.ar/Attraction_Review-g42216-d659395-Reviews-Bronner_s_Christmas_Wonderland-Frankenmuth_Michigan.html,43.314350,-83.736488,3.354 opiniones
115,https://www.tripadvisor.com.ar/Attraction_Review-g42231-d657799-Reviews-Bell_s_Comstock_Brewery-Galesburg_Kalamazoo_County_Michigan.html,42.284477,-85.453621,281 opiniones
116,https://www.tripadvisor.com.ar/Attraction_Review-g42255-d4740011-Reviews-Sable_Falls-Grand_Marais_Upper_Peninsula_Michigan.html,46.671352,-85.983994,149 opiniones
117,https://www.tripadvisor.com.ar/Attraction_Review-g60785-d603950-Reviews-National_Museum_of_the_US_Air_Force-Dayton_Ohio.html,39.782681,-84.106911,5.094 opiniones
118,https://www.tripadvisor.com.ar/Attraction_Review-g50207-d123133-Reviews-Rock_Roll_Hall_of_Fame-Cleveland_Ohio.html,41.508495,-81.695366,9.944 opiniones
119,https://www.tripadvisor.com.ar/Attraction_Review-g50207-d137616-Reviews-Cleveland_Museum_of_Art-Cleveland_Ohio.html,41.508953,-81.611534,3.564 opiniones
120,https://www.tripadvisor.com.ar/Attraction_Review-g50940-d102765-Reviews-Cedar_Point-Sandusky_Ohio.html,41.477001,-82.680344,9.250 opiniones
121,https://www.tripadvisor.com.ar/Attraction_Review-g60993-d105691-Reviews-Cincinnati_Zoo_Botanical_Garden-Cincinnati_Ohio.html,39.143074,-84.510078,3.964 opiniones
122,https://www.tripadvisor.com.ar/Attraction_Review-g50207-d272156-Reviews-West_Side_Market-Cleveland_Ohio.html,41.484798,-81.702988,4.453 opiniones
123,https://www.tripadvisor.com.ar/Attraction_Review-g50207-d638635-Reviews-A_Christmas_Story_House-Cleveland_Ohio.html,41.468719,-81.687378,2.336 opiniones
124,https://www.tripadvisor.com.ar/Attraction_Review-g50226-d256675-Reviews-Easton_Town_Center-Columbus_Ohio.html,40.050911,-82.915352,3.303 opiniones
125,https://www.tripadvisor.com.ar/Attraction_Review-g60993-d274056-Reviews-Great_American_Ball_Park-Cincinnati_Ohio.html,39.096272,-84.508240,2.941 opiniones
126,https://www.tripadvisor.com.ar/Attraction_Review-g50226-d269061-Reviews-Franklin_Park_Conservatory_and_Botanical_Gardens-Columbus_Ohio.html,39.965328,-82.954536,1.676 opiniones
127,https://www.tripadvisor.com.ar/Attraction_Review-g28956-d103467-Reviews-Hocking_Hills_State_Park-Ohio.html,39.435989,-82.536110,1.499 opiniones
128,https://www.tripadvisor.com.ar/Attraction_Review-g50168-d199133-Reviews-Pro_Football_Hall_of_Fame-Canton_Ohio.html,40.821098,-81.397850,2.257 opiniones
129,https://www.tripadvisor.com.ar/Attraction_Review-g50249-d207625-Reviews-The_Wilds-Cumberland_Guernsey_County_Ohio.html,,,
130,https://www.tripadvisor.com.ar/Attraction_Review-g60993-d105687-Reviews-Cincinnati_Museum_Center-Cincinnati_Ohio.html,39.109928,-84.536888,1.845 opiniones
131,https://www.tripadvisor.com.ar/Attraction_Review-g50207-d272154-Reviews-Progressive_Field-Cleveland_Ohio.html,41.495529,-81.685280,2.419 opiniones
132,https://www.tripadvisor.com.ar/Attraction_Review-g51048-d207423-Reviews-Toledo_Zoo-Toledo_Ohio.html,41.617519,-83.580559,1.868 opiniones
133,https://www.tripadvisor.com.ar/Attraction_Review-g50618-d105692-Reviews-Kings_Island-Mason_Ohio.html,39.344482,-84.268349,2.961 opiniones
134,https://www.tripadvisor.com.ar/Attraction_Review-g50322-d142767-Reviews-Jungle_Jim_s_International_Market-Fairfield_Butler_County_Ohio.html,39.335361,-84.524734,1.119 opiniones
135,https://www.tripadvisor.com.ar/Attraction_Review-g60993-d105690-Reviews-Cincinnati_Art_Museum-Cincinnati_Ohio.html,39.113850,-84.496880,1.102 opiniones
136,https://www.tripadvisor.com.ar/Attraction_Review-g60785-d612260-Reviews-Carillon_Historical_Park-Dayton_Ohio.html,39.730991,-84.197517,980 opiniones
137,https://www.tripadvisor.com.ar/Attraction_Review-g50207-d250295-Reviews-Lake_View_Cemetery-Cleveland_Ohio.html,41.513786,-81.598724,1.034 opiniones
138,https://www.tripadvisor.com.ar/Attraction_Review-g50207-d137421-Reviews-Cleveland_Metroparks_Zoo-Cleveland_Ohio.html,41.443802,-81.714447,1.701 opiniones
139,https://www.tripadvisor.com.ar/Attraction_Review-g29912-d209402-Reviews-Stan_Hywet_Hall_Gardens-Akron_Ohio.html,41.116444,-81.548782,840 opiniones
140,https://www.tripadvisor.com.ar/Attraction_Review-g50226-d110220-Reviews-German_Village-Columbus_Ohio.html,39.950390,-82.995483,1.174 opiniones
141,https://www.tripadvisor.com.ar/Attraction_Review-g50226-d278918-Reviews-North_Market_Farmer_s_Market-Columbus_Ohio.html,39.971951,-83.004349,836 opiniones
142,https://www.tripadvisor.com.ar/Attraction_Review-g50226-d110218-Reviews-COSI_Center_of_Science_and_Industry-Columbus_Ohio.html,39.959656,-83.007050,1.472 opiniones
143,https://www.tripadvisor.com.ar/Attraction_Review-g60993-d274057-Reviews-National_Underground_Railroad_Freedom_Center-Cincinnati_Ohio.html,39.097355,-84.511261,1.061 opiniones
144,https://www.tripadvisor.com.ar/Attraction_Review-g50207-d137605-Reviews-USS_Cod_Submarine_Memorial-Cleveland_Ohio.html,41.508942,-81.693604,585 opiniones
145,https://www.tripadvisor.com.ar/Attraction_Review-g60785-d603950-Reviews-National_Museum_of_the_US_Air_Force-Dayton_Ohio.html,39.782681,-84.106911,5.094 opiniones
146,https://www.tripadvisor.com.ar/Attraction_Review-g50207-d123133-Reviews-Rock_Roll_Hall_of_Fame-Cleveland_Ohio.html,41.508495,-81.695366,9.944 opiniones
147,https://www.tripadvisor.com.ar/Attraction_Review-g50207-d137616-Reviews-Cleveland_Museum_of_Art-Cleveland_Ohio.html,41.508953,-81.611534,3.564 opiniones
148,https://www.tripadvisor.com.ar/Attraction_Review-g50940-d102765-Reviews-Cedar_Point-Sandusky_Ohio.html,41.477001,-82.680344,9.250 opiniones
149,https://www.tripadvisor.com.ar/Attraction_Review-g60993-d105691-Reviews-Cincinnati_Zoo_Botanical_Garden-Cincinnati_Ohio.html,39.143074,-84.510078,3.964 opiniones
150,https://www.tripadvisor.com.ar/Attraction_Review-g60993-d3290600-Reviews-American_Sign_Museum-Cincinnati_Ohio.html,39.143654,-84.539803,875 opiniones
151,https://www.tripadvisor.com.ar/Attraction_Review-g50566-d8791595-Reviews-Ash_Cave-Logan_Ohio.html,39.400867,-82.537331,591 opiniones
152,https://www.tripadvisor.com.ar/Attraction_Review-g60993-d281853-Reviews-Roebling_Suspension_Bridge-Cincinnati_Ohio.html,39.092991,-84.509865,691 opiniones
153,https://www.tripadvisor.com.ar/Attraction_Review-g50226-d559429-Reviews-Ohio_Stadium-Columbus_Ohio.html,40.005219,-83.019112,979 opiniones
154,https://www.tripadvisor.com.ar/Attraction_Review-g50087-d15232161-Reviews-The_Amish_Country_Theater-Berlin_Ohio.html,40.575241,-81.779327,290 opiniones
155,https://www.tripadvisor.com.ar/Attraction_Review-g50862-d3228324-Reviews-Miller_Boat_Line-Port_Clinton_Ohio.html,41.586830,-82.836853,465 opiniones
156,https://www.tripadvisor.com.ar/Attraction_Review-g50862-d290622-Reviews-African_Safari_Wildlife_Park-Port_Clinton_Ohio.html,41.518116,-82.851593,1.080 opiniones
157,https://www.tripadvisor.com.ar/Attraction_Review-g60993-d8838536-Reviews-Greater_Cincinnati_Police_Museum-Cincinnati_Ohio.html,39.108612,-84.509354,83 opiniones
158,https://www.tripadvisor.com.ar/Attraction_Review-g50608-d3386410-Reviews-Campus_Martius_Museum-Marietta_Ohio.html,39.421638,-81.461250,173 opiniones
159,https://www.tripadvisor.com.ar/Attraction_Review-g50077-d1885208-Reviews-Seneca_Caverns-Bellevue_Ohio.html,41.225830,-82.874908,140 opiniones
160,https://www.tripadvisor.com.ar/Attraction_Review-g60294-d103469-Reviews-Taliesin_Preservation_Inc-Spring_Green_Wisconsin.html,43.143520,-90.058540,4.485 opiniones
161,https://www.tripadvisor.com.ar/Attraction_Review-g59929-d103048-Reviews-Lambeau_Field-Green_Bay_Wisconsin.html,44.500992,-88.061256,3.540 opiniones
162,https://www.tripadvisor.com.ar/Attraction_Review-g60403-d255218-Reviews-Rick_Wilcox_Magic_Theater-Wisconsin_Dells_Wisconsin.html,43.609692,-89.790565,1.566 opiniones
163,https://www.tripadvisor.com.ar/Attraction_Review-g60097-d258473-Reviews-Milwaukee_Art_Museum-Milwaukee_Wisconsin.html,43.039268,-87.897476,2.796 opiniones
164,https://www.tripadvisor.com.ar/Attraction_Review-g60097-d1095429-Reviews-Harley_Davidson_Museum-Milwaukee_Wisconsin.html,43.031551,-87.916489,3.148 opiniones
165,https://www.tripadvisor.com.ar/Attraction_Review-g60403-d107777-Reviews-Noah_s_Ark_Water_Park-Wisconsin_Dells_Wisconsin.html,43.604595,-89.791618,2.920 opiniones
166,https://www.tripadvisor.com.ar/Attraction_Review-g60097-d270329-Reviews-American_Family_Field-Milwaukee_Wisconsin.html,43.028851,-87.972488,3.106 opiniones
167,https://www.tripadvisor.com.ar/Attraction_Review-g60859-d109921-Reviews-Olbrich_Botanical_Gardens-Madison_Wisconsin.html,43.092495,-89.335503,1.698 opiniones
168,https://www.tripadvisor.com.ar/Attraction_Review-g60859-d280436-Reviews-Wisconsin_State_Capitol-Madison_Wisconsin.html,43.073799,-89.382401,2.070 opiniones
169,https://www.tripadvisor.com.ar/Attraction_Review-g59881-d104252-Reviews-Peninsula_State_Park-Fish_Creek_Wisconsin.html,45.127689,-87.236504,1.779 opiniones
170,https://www.tripadvisor.com.ar/Attraction_Review-g60314-d207068-Reviews-Cave_Point_County_Park-Sturgeon_Bay_Wisconsin.html,44.930809,-87.174088,1.262 opiniones
171,https://www.tripadvisor.com.ar/Attraction_Review-g60097-d272129-Reviews-Pabst_Mansion-Milwaukee_Wisconsin.html,43.039120,-87.938087,1.097 opiniones
172,https://www.tripadvisor.com.ar/Attraction_Review-g60859-d207431-Reviews-Henry_Vilas_Zoo-Madison_Wisconsin.html,43.060631,-89.409157,1.699 opiniones
173,https://www.tripadvisor.com.ar/Attraction_Review-g59686-d116876-Reviews-Devil_s_Lake_State_Park-Baraboo_Wisconsin.html,43.428429,-89.731331,1.281 opiniones
174,https://www.tripadvisor.com.ar/Attraction_Review-g60097-d625152-Reviews-Milwaukee_Public_Market-Milwaukee_Wisconsin.html,43.035141,-87.908157,1.115 opiniones
175,https://www.tripadvisor.com.ar/Attraction_Review-g60403-d661345-Reviews-Wisconsin_Deer_Park-Wisconsin_Dells_Wisconsin.html,43.596973,-89.793846,1.459 opiniones
176,https://www.tripadvisor.com.ar/Attraction_Review-g60294-d103795-Reviews-House_on_the_Rock-Spring_Green_Wisconsin.html,43.092331,-90.132133,1.992 opiniones
177,https://www.tripadvisor.com.ar/Attraction_Review-g60097-d527332-Reviews-Basilica_of_St_Josaphat-Milwaukee_Wisconsin.html,43.002121,-87.919373,882 opiniones
178,https://www.tripadvisor.com.ar/Attraction_Review-g60403-d3767704-Reviews-Witches_Gulch-Wisconsin_Dells_Wisconsin.html,43.674580,-89.795486,614 opiniones
179,https://www.tripadvisor.com.ar/Attraction_Review-g60097-d1960985-Reviews-Great_Lakes_Distillery-Milwaukee_Wisconsin.html,43.026669,-87.918640,816 opiniones
180,https://www.tripadvisor.com.ar/Attraction_Review-g59929-d103050-Reviews-Bay_Beach_Amusement_Park-Green_Bay_Wisconsin.html,44.531841,-87.981285,1.180 opiniones
181,https://www.tripadvisor.com.ar/Attraction_Review-g60097-d258472-Reviews-Milwaukee_Public_Museum-Milwaukee_Wisconsin.html,43.040459,-87.921219,1.090 opiniones
182,https://www.tripadvisor.com.ar/Attraction_Review-g59686-d109922-Reviews-Circus_World-Baraboo_Wisconsin.html,43.466843,-89.735107,714 opiniones
183,https://www.tripadvisor.com.ar/Attraction_Review-g60022-d8736670-Reviews-Tristan_Crist_Magic_Theatre-Lake_Geneva_Wisconsin.html,42.589859,-88.414864,899 opiniones
184,https://www.tripadvisor.com.ar/Attraction_Review-g60168-d150615-Reviews-EAA_Aviation_Museum-Oshkosh_Wisconsin.html,43.984055,-88.576630,720 opiniones
185,https://www.tripadvisor.com.ar/Attraction_Review-g60294-d103469-Reviews-Taliesin_Preservation_Inc-Spring_Green_Wisconsin.html,43.143520,-90.058540,4.485 opiniones
186,https://www.tripadvisor.com.ar/Attraction_Review-g59929-d103048-Reviews-Lambeau_Field-Green_Bay_Wisconsin.html,44.500992,-88.061256,3.540 opiniones
187,https://www.tripadvisor.com.ar/Attraction_Review-g60403-d255218-Reviews-Rick_Wilcox_Magic_Theater-Wisconsin_Dells_Wisconsin.html,43.609692,-89.790565,1.566 opiniones
188,https://www.tripadvisor.com.ar/Attraction_Review-g60097-d258473-Reviews-Milwaukee_Art_Museum-Milwaukee_Wisconsin.html,43.039268,-87.897476,2.796 opiniones
189,https://www.tripadvisor.com.ar/Attraction_Review-g60097-d1095429-Reviews-Harley_Davidson_Museum-Milwaukee_Wisconsin.html,43.031551,-87.916489,3.148 opiniones
190,https://www.tripadvisor.com.ar/Attraction_Review-g60403-d107777-Reviews-Noah_s_Ark_Water_Park-Wisconsin_Dells_Wisconsin.html,43.604595,-89.791618,2.920 opiniones
191,https://www.tripadvisor.com.ar/Attraction_Review-g59881-d2226910-Reviews-Peninsula_Players_Theatre-Fish_Creek_Wisconsin.html,45.090073,-87.260643,635 opiniones
192,https://www.tripadvisor.com.ar/Attraction_Review-g60097-d3198848-Reviews-Milwaukee_RiverWalk-Milwaukee_Wisconsin.html,43.039440,-87.909378,1.050 opiniones
193,https://www.tripadvisor.com.ar/Attraction_Review-g59929-d288772-Reviews-Green_Bay_Packer_Hall_of_Fame-Green_Bay_Wisconsin.html,44.502068,-88.060410,956 opiniones
194,https://www.tripadvisor.com.ar/Attraction_Review-g59929-d269733-Reviews-National_Railroad_Museum-Green_Bay_Wisconsin.html,44.482765,-88.047882,490 opiniones
195,https://www.tripadvisor.com.ar/Attraction_Review-g60168-d639839-Reviews-Paine_Art_Center_and_Gardens-Oshkosh_Wisconsin.html,44.034882,-88.557426,297 opiniones
196,https://www.tripadvisor.com.ar/Attraction_Review-g60403-d2646042-Reviews-Fawn_Creek_Winery-Wisconsin_Dells_Wisconsin.html,43.728783,-89.818390,314 opiniones
197,https://www.tripadvisor.com.ar/Attraction_Review-g59681-d6773431-Reviews-Door_County_Brewing_Co-Baileys_Harbor_Wisconsin.html,45.064522,-87.123817,303 opiniones
198,https://www.tripadvisor.com.ar/Attraction_Review-g60072-d3518866-Reviews-Red_Ridge_Riding_Stable-Mauston_Wisconsin.html,43.793587,-90.077179,141 opiniones
199,https://www.tripadvisor.com.ar/Attraction_Review-g60403-d17396913-Reviews-Asgard_Axe_Throwing-Wisconsin_Dells_Wisconsin.html,43.627750,-89.769989,207 opiniones
200,https://www.tripadvisor.com.ar/Attraction_Review-g30709-d109107-Reviews-USS_ALABAMA_Battleship_Memorial_Park-Mobile_Alabama.html,30.682030,-88.015198,3.989 opiniones
201,https://www.tripadvisor.com.ar/Attraction_Review-g30375-d107359-Reviews-Barber_Vintage_Motorsports_Museum-Birmingham_Alabama.html,33.533260,-86.614098,1.299 opiniones
202,https://www.tripadvisor.com.ar/Attraction_Review-g30582-d143881-Reviews-Gulf_State_Park-Gulf_Shores_Alabama.html,30.266291,-87.679008,1.431 opiniones
203,https://www.tripadvisor.com.ar/Attraction_Review-g30375-d106398-Reviews-Birmingham_Civil_Rights_Institute-Birmingham_Alabama.html,33.516029,-86.814697,1.307 opiniones
204,https://www.tripadvisor.com.ar/Attraction_Review-g30712-d13977526-Reviews-Legacy_Museum-Montgomery_Alabama.html,32.379978,-86.310120,503 opiniones
205,https://www.tripadvisor.com.ar/Attraction_Review-g30620-d3626681-Reviews-U_S_Veterans_Memorial_Museum-Huntsville_Alabama.html,34.692089,-86.586205,447 opiniones
206,https://www.tripadvisor.com.ar/Attraction_Review-g30375-d560502-Reviews-Vulcan_Park_and_Museum-Birmingham_Alabama.html,33.491699,-86.795540,1.404 opiniones
207,https://www.tripadvisor.com.ar/Attraction_Review-g30712-d13977560-Reviews-National_Memorial_for_Peace_and_Justice-Montgomery_Alabama.html,32.372082,-86.312981,564 opiniones
208,https://www.tripadvisor.com.ar/Attraction_Review-g30620-d269098-Reviews-Huntsville_Botanical_Garden-Huntsville_Alabama.html,34.710564,-86.633263,911 opiniones
209,https://www.tripadvisor.com.ar/Attraction_Review-g1475965-d116440-Reviews-FORT_MORGAN_HISTORIC_SITE-Fort_Morgan_Alabama.html,30.228319,-88.022911,1.034 opiniones
210,https://www.tripadvisor.com.ar/Attraction_Review-g30712-d259988-Reviews-Rosa_Parks_Library_and_Museum-Montgomery_Alabama.html,32.376564,-86.311462,771 opiniones
211,https://www.tripadvisor.com.ar/Attraction_Review-g30753-d1847139-Reviews-The_Wharf-Orange_Beach_Alabama.html,30.293644,-87.628540,1.560 opiniones
212,https://www.tripadvisor.com.ar/Attraction_Review-g30874-d126982-Reviews-Bellingrath_Gardens_Home-Theodore_Alabama.html,30.429649,-88.142982,842 opiniones
213,https://www.tripadvisor.com.ar/Attraction_Review-g60889-d143199-Reviews-Little_River_Canyon_National_Preserve-Fort_Payne_Alabama.html,34.365971,-85.655670,563 opiniones
214,https://www.tripadvisor.com.ar/Attraction_Review-g30375-d560671-Reviews-Birmingham_Botanical_Gardens-Birmingham_Alabama.html,33.485950,-86.774551,512 opiniones
215,https://www.tripadvisor.com.ar/Attraction_Review-g30549-d264873-Reviews-Noccalula_Falls_Park_Campground-Gadsden_Alabama.html,34.040421,-86.021423,723 opiniones
216,https://www.tripadvisor.com.ar/Attraction_Review-g30472-d2702974-Reviews-Mobile_Bay_Ferry-Dauphin_Island_Alabama.html,30.249500,-88.077522,729 opiniones
217,https://www.tripadvisor.com.ar/Attraction_Review-g30937-d264055-Reviews-Cathedral_Caverns_State_Park-Woodville_Alabama.html,34.572609,-86.221252,458 opiniones
218,https://www.tripadvisor.com.ar/Attraction_Review-g30582-d216805-Reviews-Gulf_Shores_Welcome_Center-Gulf_Shores_Alabama.html,30.291351,-87.684486,480 opiniones
219,https://www.tripadvisor.com.ar/Attraction_Review-g30472-d143874-Reviews-Alabama_Aquarium_at_the_Dauphin_Island_Sea_Lab-Dauphin_Island_Alabama.html,30.249500,-88.077522,680 opiniones
220,https://www.tripadvisor.com.ar/Attraction_Review-g30582-d2300144-Reviews-Gulf_State_Park_Fishing_Pier-Gulf_Shores_Alabama.html,30.249044,-87.667549,1.120 opiniones
221,https://www.tripadvisor.com.ar/Attraction_Review-g30709-d109107-Reviews-USS_ALABAMA_Battleship_Memorial_Park-Mobile_Alabama.html,30.682030,-88.015198,3.989 opiniones
222,https://www.tripadvisor.com.ar/Attraction_Review-g30375-d525168-Reviews-Sloss_Furnaces_National_Historic_Landmark-Birmingham_Alabama.html,33.522610,-86.791092,520 opiniones
223,https://www.tripadvisor.com.ar/Attraction_Review-g30712-d105428-Reviews-First_White_House_of_the_Confederacy-Montgomery_Alabama.html,32.376179,-86.299919,591 opiniones
224,https://www.tripadvisor.com.ar/Attraction_Review-g30709-d7761997-Reviews-GulfQuest_National_Maritime_Museum_of_the_Gulf_of_Mexico-Mobile_Alabama.html,30.687206,-88.038322,333 opiniones
225,https://www.tripadvisor.com.ar/Attraction_Review-g30472-d143876-Reviews-Fort_Gaines-Dauphin_Island_Alabama.html,30.249500,-88.077522,537 opiniones
226,https://www.tripadvisor.com.ar/Attraction_Review-g30582-d11916270-Reviews-Big_Beach_Brewing_Company-Gulf_Shores_Alabama.html,30.278250,-87.682579,146 opiniones
227,https://www.tripadvisor.com.ar/Attraction_Review-g30620-d9466435-Reviews-Huntsville_Escape_Rooms-Huntsville_Alabama.html,34.725185,-86.582397,342 opiniones
228,https://www.tripadvisor.com.ar/Attraction_Review-g30753-d6765772-Reviews-The_Fun_Boats_Dolphin_Cruises-Orange_Beach_Alabama.html,,,
229,https://www.tripadvisor.com.ar/Attraction_Review-g30582-d4728963-Reviews-Ike_s_Beach_Service-Gulf_Shores_Alabama.html,30.246370,-87.702538,509 opiniones
230,https://www.tripadvisor.com.ar/Attraction_Review-g39604-d1887189-Reviews-Louisville_Mega_Cavern-Louisville_Kentucky.html,38.201866,-85.704056,19.951 opiniones
231,https://www.tripadvisor.com.ar/Attraction_Review-g39601-d108035-Reviews-Maker_s_Mark-Loretto_Kentucky.html,37.647961,-85.349236,2.863 opiniones
232,https://www.tripadvisor.com.ar/Attraction_Review-g39604-d105618-Reviews-Louisville_Slugger_Museum_Factory-Louisville_Kentucky.html,38.257236,-85.763664,6.890 opiniones
233,https://www.tripadvisor.com.ar/Attraction_Review-g39214-d287741-Reviews-Lost_River_Cave-Bowling_Green_Kentucky.html,36.953388,-86.474274,3.422 opiniones
234,https://www.tripadvisor.com.ar/Attraction_Review-g39588-d108503-Reviews-Keeneland-Lexington_Kentucky.html,38.047432,-84.607208,2.927 opiniones
235,https://www.tripadvisor.com.ar/Attraction_Review-g39604-d104504-Reviews-Kentucky_Derby_Museum-Louisville_Kentucky.html,38.205463,-85.771072,3.562 opiniones
236,https://www.tripadvisor.com.ar/Attraction_Review-g39426-d1112388-Reviews-Buffalo_Trace_Distillery-Frankfort_Kentucky.html,38.216797,-84.870117,2.612 opiniones
237,https://www.tripadvisor.com.ar/Attraction_Review-g143043-d146944-Reviews-Mammoth_Cave-Mammoth_Cave_National_Park_Kentucky.html,37.184090,-86.104286,4.242 opiniones
238,https://www.tripadvisor.com.ar/Attraction_Review-g39995-d10110346-Reviews-Ark_Encounter-Williamstown_Kentucky.html,38.628914,-84.579964,4.623 opiniones
239,https://www.tripadvisor.com.ar/Attraction_Review-g39604-d144389-Reviews-Churchill_Downs-Louisville_Kentucky.html,38.205688,-85.771591,3.805 opiniones
240,https://www.tripadvisor.com.ar/Attraction_Review-g39214-d106553-Reviews-National_Corvette_Museum-Bowling_Green_Kentucky.html,37.004158,-86.374580,3.070 opiniones
241,https://www.tripadvisor.com.ar/Attraction_Review-g39588-d14792244-Reviews-James_E_Pepper_Distillery-Lexington_Kentucky.html,38.056530,-84.520149,1.162 opiniones
242,https://www.tripadvisor.com.ar/Attraction_Review-g39604-d784186-Reviews-Conrad_Caldwell_House_Museum_Conrad_s_Castle-Louisville_Kentucky.html,38.229149,-85.763458,764 opiniones
243,https://www.tripadvisor.com.ar/Attraction_Review-g39588-d103526-Reviews-Kentucky_Horse_Park-Lexington_Kentucky.html,38.150097,-84.520576,2.744 opiniones
244,https://www.tripadvisor.com.ar/Attraction_Review-g39265-d145670-Reviews-Crystal_Onyx_Cave-Cave_City_Kentucky.html,37.110432,-85.971428,525 opiniones
245,https://www.tripadvisor.com.ar/Attraction_Review-g39743-d619562-Reviews-Creation_Museum-Petersburg_Kentucky.html,39.085911,-84.783340,2.457 opiniones
246,https://www.tripadvisor.com.ar/Attraction_Review-g39426-d13109537-Reviews-Castle_Key_Distillery-Frankfort_Kentucky.html,38.146004,-84.832512,798 opiniones
247,https://www.tripadvisor.com.ar/Attraction_Review-g39940-d610163-Reviews-Woodford_Reserve_Distillery-Versailles_Kentucky.html,38.112942,-84.810776,2.016 opiniones
248,https://www.tripadvisor.com.ar/Attraction_Review-g39604-d3947658-Reviews-The_Big_Four_Bridge-Louisville_Kentucky.html,38.265892,-85.739304,1.969 opiniones
249,https://www.tripadvisor.com.ar/Attraction_Review-g39282-d106422-Reviews-James_B_Beam_Distilling_Co-Clermont_Kentucky.html,37.931187,-85.652420,1.599 opiniones
250,https://www.tripadvisor.com.ar/Attraction_Review-g39163-d3618942-Reviews-Willett_Distilling_Company-Bardstown_Kentucky.html,37.785019,-85.461388,1.098 opiniones
251,https://www.tripadvisor.com.ar/Attraction_Review-g39575-d1195663-Reviews-Four_Roses-Lawrenceburg_Kentucky.html,37.973831,-84.897896,1.170 opiniones
252,https://www.tripadvisor.com.ar/Attraction_Review-g39725-d270438-Reviews-The_National_Quilt_Museum-Paducah_Kentucky.html,37.089092,-88.597260,1.077 opiniones
253,https://www.tripadvisor.com.ar/Attraction_Review-g39214-d7125698-Reviews-NCM_Motorsports_Park-Bowling_Green_Kentucky.html,36.999531,-86.369873,484 opiniones
254,https://www.tripadvisor.com.ar/Attraction_Review-g39604-d587544-Reviews-Muhammad_Ali_Center-Louisville_Kentucky.html,38.258244,-85.760040,1.316 opiniones
255,https://www.tripadvisor.com.ar/Attraction_Review-g39604-d11626792-Reviews-Angel_s_Envy_Distillery-Louisville_Kentucky.html,38.254951,-85.743683,956 opiniones
256,https://www.tripadvisor.com.ar/Attraction_Review-g39604-d7246852-Reviews-Stitzel_Weller_Distillery-Louisville_Kentucky.html,38.209721,-85.808838,826 opiniones
257,https://www.tripadvisor.com.ar/Attraction_Review-g39588-d12604531-Reviews-Mill_Ridge_Farm-Lexington_Kentucky.html,38.011860,-84.593399,394 opiniones
258,https://www.tripadvisor.com.ar/Attraction_Review-g60782-d264839-Reviews-Cumberland_Gap_National_Historical_Park-Middlesboro_Kentucky.html,36.602749,-83.695381,608 opiniones
259,https://www.tripadvisor.com.ar/Attraction_Review-g39295-d145353-Reviews-Cumberland_Falls_State_Resort_Park-Corbin_Kentucky.html,36.838570,-84.338516,1.392 opiniones
260,https://www.tripadvisor.com.ar/Attraction_Review-g39604-d1887189-Reviews-Louisville_Mega_Cavern-Louisville_Kentucky.html,38.201866,-85.704056,19.951 opiniones
261,https://www.tripadvisor.com.ar/Attraction_Review-g39601-d108035-Reviews-Maker_s_Mark-Loretto_Kentucky.html,37.647961,-85.349236,2.863 opiniones
262,https://www.tripadvisor.com.ar/Attraction_Review-g39604-d105618-Reviews-Louisville_Slugger_Museum_Factory-Louisville_Kentucky.html,38.257236,-85.763664,6.890 opiniones
263,https://www.tripadvisor.com.ar/Attraction_Review-g39214-d287741-Reviews-Lost_River_Cave-Bowling_Green_Kentucky.html,36.953388,-86.474274,3.422 opiniones
264,https://www.tripadvisor.com.ar/Attraction_Review-g39588-d108503-Reviews-Keeneland-Lexington_Kentucky.html,38.047432,-84.607208,2.927 opiniones
265,https://www.tripadvisor.com.ar/Attraction_Review-g39604-d104504-Reviews-Kentucky_Derby_Museum-Louisville_Kentucky.html,38.205463,-85.771072,3.562 opiniones
266,https://www.tripadvisor.com.ar/Attraction_Review-g39588-d1657487-Reviews-Lexington_Brewing_Distilling_Co-Lexington_Kentucky.html,38.049850,-84.509178,973 opiniones
267,https://www.tripadvisor.com.ar/Attraction_Review-g39604-d5505860-Reviews-Evan_Williams_Bourbon_Experience-Louisville_Kentucky.html,38.256821,-85.759598,1.277 opiniones
268,https://www.tripadvisor.com.ar/Attraction_Review-g39440-d631167-Reviews-Old_Friends_at_Dream_Chase_Farm-Georgetown_Kentucky.html,38.179501,-84.596741,523 opiniones
269,https://www.tripadvisor.com.ar/Attraction_Review-g39725-d270433-Reviews-Floodwall_Murals-Paducah_Kentucky.html,37.085518,-88.594368,949 opiniones
270,https://www.tripadvisor.com.ar/Attraction_Review-g39728-d6522678-Reviews-Claiborne_Farm-Paris_Kentucky.html,38.193260,-84.248688,552 opiniones
271,https://www.tripadvisor.com.ar/Attraction_Review-g39604-d8325302-Reviews-Kentucky_Peerless_Distilling_Co-Louisville_Kentucky.html,38.258583,-85.766487,469 opiniones
272,https://www.tripadvisor.com.ar/Attraction_Review-g39577-d2716718-Reviews-Limestone_Branch_Distillery-Lebanon_Kentucky.html,37.581806,-85.271835,498 opiniones
273,https://www.tripadvisor.com.ar/Attraction_Review-g39858-d259757-Reviews-Natural_Bridge_State_Resort_Park-Slade_Kentucky.html,37.780331,-83.677261,810 opiniones
274,https://www.tripadvisor.com.ar/Attraction_Review-g60708-d108188-Reviews-Abraham_Lincoln_Birthplace_National_Historical_Park-Hodgenville_Kentucky.html,37.534309,-85.733765,705 opiniones
275,https://www.tripadvisor.com.ar/Attraction_Review-g39528-d11733684-Reviews-Boone_County_Distilling_Company-Independence_Kentucky.html,38.946781,-84.613770,261 opiniones
276,https://www.tripadvisor.com.ar/Attraction_Review-g39282-d1554910-Reviews-Bernheim_Arboretum_Forest-Clermont_Kentucky.html,37.917671,-85.657066,262 opiniones
277,https://www.tripadvisor.com.ar/Attraction_Review-g39604-d14154130-Reviews-Old_Forester_Distilling-Louisville_Kentucky.html,38.256214,-85.752487,280 opiniones
278,https://www.tripadvisor.com.ar/Attraction_Review-g39588-d12550924-Reviews-Bluegrass_Distillers-Lexington_Kentucky.html,38.060020,-84.491997,254 opiniones
279,https://www.tripadvisor.com.ar/Attraction_Review-g39295-d630358-Reviews-Harland_Sanders_Cafe_And_Museum-Corbin_Kentucky.html,36.959911,-84.093727,562 opiniones
280,https://www.tripadvisor.com.ar/Attraction_Review-g39588-d7352030-Reviews-Breakout_Games_Lexington-Lexington_Kentucky.html,38.039165,-84.478493,1.059 opiniones
281,https://www.tripadvisor.com.ar/Attraction_Review-g39412-d10679644-Reviews-Sherlock_s_Escape_Rooms-Florence_Kentucky.html,38.990990,-84.655037,634 opiniones
282,https://www.tripadvisor.com.ar/Attraction_Review-g60985-d104724-Reviews-Vicksburg_National_Military_Park-Vicksburg_Mississippi.html,32.345131,-90.850540,3.161 opiniones
283,https://www.tripadvisor.com.ar/Attraction_Review-g60746-d286284-Reviews-Elvis_Presley_Birthplace_Museum-Tupelo_Mississippi.html,34.260021,-88.680130,1.670 opiniones
284,https://www.tripadvisor.com.ar/Attraction_Review-g60746-d550082-Reviews-Natchez_Trace_Parkway-Tupelo_Mississippi.html,34.330841,-88.710037,1.775 opiniones
285,https://www.tripadvisor.com.ar/Attraction_Review-g60985-d146271-Reviews-U_S_S_Cairo_Museum-Vicksburg_Mississippi.html,32.354809,-90.786850,1.531 opiniones
286,https://www.tripadvisor.com.ar/Attraction_Review-g60910-d265976-Reviews-Longwood-Natchez_Mississippi.html,31.536119,-91.399338,1.634 opiniones
287,https://www.tripadvisor.com.ar/Attraction_Review-g43686-d283548-Reviews-Biloxi_Visitors_Center-Biloxi_Mississippi.html,30.394775,-88.901039,1.375 opiniones
288,https://www.tripadvisor.com.ar/Attraction_Review-g43686-d105573-Reviews-Beauvoir-Biloxi_Mississippi.html,30.393770,-88.970154,1.236 opiniones
289,https://www.tripadvisor.com.ar/Attraction_Review-g60910-d634844-Reviews-Stanton_Hall-Natchez_Mississippi.html,31.562513,-91.400436,899 opiniones
290,https://www.tripadvisor.com.ar/Attraction_Review-g60910-d506133-Reviews-Rosalie_Mansion-Natchez_Mississippi.html,31.559059,-91.407661,782 opiniones
291,https://www.tripadvisor.com.ar/Attraction_Review-g60910-d2312558-Reviews-St_Mary_Basilica-Natchez_Mississippi.html,31.558680,-91.401489,482 opiniones
292,https://www.tripadvisor.com.ar/Attraction_Review-g60910-d107299-Reviews-Melrose-Natchez_Mississippi.html,31.545931,-91.385857,539 opiniones
293,https://www.tripadvisor.com.ar/Attraction_Review-g43686-d6561286-Reviews-Biloxi_Beach-Biloxi_Mississippi.html,30.392300,-88.967400,1.153 opiniones
294,https://www.tripadvisor.com.ar/Attraction_Review-g60910-d6698297-Reviews-Natchez_Visitor_Center-Natchez_Mississippi.html,31.554443,-91.412247,848 opiniones
295,https://www.tripadvisor.com.ar/Attraction_Review-g43833-d13382408-Reviews-Mississippi_Civil_Rights_Museum-Jackson_Mississippi.html,32.301132,-90.177956,234 opiniones
296,https://www.tripadvisor.com.ar/Attraction_Review-g60985-d3403591-Reviews-Old_Court_House_Museum-Vicksburg_Mississippi.html,32.352139,-90.878639,607 opiniones
297,https://www.tripadvisor.com.ar/Attraction_Review-g60985-d104724-Reviews-Vicksburg_National_Military_Park-Vicksburg_Mississippi.html,32.345131,-90.850540,3.161 opiniones
298,https://www.tripadvisor.com.ar/Attraction_Review-g60746-d286284-Reviews-Elvis_Presley_Birthplace_Museum-Tupelo_Mississippi.html,34.260021,-88.680130,1.670 opiniones
299,https://www.tripadvisor.com.ar/Attraction_Review-g60746-d550082-Reviews-Natchez_Trace_Parkway-Tupelo_Mississippi.html,34.330841,-88.710037,1.775 opiniones
300,https://www.tripadvisor.com.ar/Attraction_Review-g60985-d146271-Reviews-U_S_S_Cairo_Museum-Vicksburg_Mississippi.html,32.354809,-90.786850,1.531 opiniones
301,https://www.tripadvisor.com.ar/Attraction_Review-g60985-d8733650-Reviews-McRaven_House-Vicksburg_Mississippi.html,32.346020,-90.872078,197 opiniones
302,https://www.tripadvisor.com.ar/Attraction_Review-g43810-d2076456-Reviews-Hattiesburg_Zoo-Hattiesburg_Mississippi.html,31.324450,-89.314331,312 opiniones
303,https://www.tripadvisor.com.ar/Attraction_Review-g60985-d3206086-Reviews-Jesse_Brent_Lower_Mississippi_River_Museum_and_Interpretive_Center-Vicksburg_Missi.html,32.353485,-90.882111,289 opiniones
304,https://www.tripadvisor.com.ar/Attraction_Review-g43848-d2078431-Reviews-Lauren_Rogers_Museum_of_Art-Laurel_Mississippi.html,31.696638,-89.130508,144 opiniones
305,https://www.tripadvisor.com.ar/Attraction_Review-g44087-d10723192-Reviews-The_Belmont_1857-Wayside_Mississippi.html,33.270802,-91.032547,101 opiniones
306,https://www.tripadvisor.com.ar/Attraction_Review-g43686-d105571-Reviews-Maritime_and_Seafood_Industry_Museum-Biloxi_Mississippi.html,30.393339,-88.858986,246 opiniones
307,https://www.tripadvisor.com.ar/Attraction_Review-g44085-d7692389-Reviews-Waveland_s_Ground_Zero_Hurricane_Museum-Waveland_Mississippi.html,30.286345,-89.374229,64 opiniones
308,https://www.tripadvisor.com.ar/Attraction_Review-g60985-d23542709-Reviews-Vicksburg_Civil_War_Museum-Vicksburg_Mississippi.html,32.351398,-90.881569,44 opiniones
309,https://www.tripadvisor.com.ar/Attraction_Review-g55229-d106503-Reviews-Grand_Ole_Opry-Nashville_Davidson_County_Tennessee.html,36.206772,-86.692192,14.041 opiniones
310,https://www.tripadvisor.com.ar/Attraction_Review-g55197-d105746-Reviews-Graceland-Memphis_Tennessee.html,35.045826,-90.023125,20.206 opiniones
311,https://www.tripadvisor.com.ar/Attraction_Review-g60842-d1822813-Reviews-Ole_Smoky-Gatlinburg_Tennessee.html,35.711178,-83.519501,14.427 opiniones
312,https://www.tripadvisor.com.ar/Attraction_Review-g55197-d109305-Reviews-Sun_Studio-Memphis_Tennessee.html,35.139301,-90.037697,12.315 opiniones
313,https://www.tripadvisor.com.ar/Attraction_Review-g55229-d106493-Reviews-Country_Music_Hall_of_Fame_and_Museum-Nashville_Davidson_County_Tennessee.html,36.158298,-86.776199,15.402 opiniones
314,https://www.tripadvisor.com.ar/Attraction_Review-g55229-d106496-Reviews-Ryman_Auditorium-Nashville_Davidson_County_Tennessee.html,36.161301,-86.778503,13.758 opiniones
315,https://www.tripadvisor.com.ar/Attraction_Review-g55270-d103537-Reviews-Dollywood-Pigeon_Forge_Tennessee.html,35.794315,-83.534172,18.779 opiniones
316,https://www.tripadvisor.com.ar/Attraction_Review-g55270-d587905-Reviews-Parrot_Mountain_Gardens-Pigeon_Forge_Tennessee.html,35.811131,-83.518013,6.021 opiniones
317,https://www.tripadvisor.com.ar/Attraction_Review-g55229-d108042-Reviews-Belle_Meade_Historic_Site_Winery-Nashville_Davidson_County_Tennessee.html,36.107292,-86.866653,7.949 opiniones
318,https://www.tripadvisor.com.ar/Attraction_Review-g55270-d1649446-Reviews-Titanic_Museum_Attraction-Pigeon_Forge_Tennessee.html,35.820885,-83.578827,11.071 opiniones
319,https://www.tripadvisor.com.ar/Attraction_Review-g55197-d105742-Reviews-National_Civil_Rights_Museum_Lorraine_Motel-Memphis_Tennessee.html,35.134724,-90.057617,9.147 opiniones
320,https://www.tripadvisor.com.ar/Attraction_Review-g55270-d7147426-Reviews-Ole_Smoky_Tennessee_Moonshine-Pigeon_Forge_Tennessee.html,35.803307,-83.570755,7.601 opiniones
321,https://www.tripadvisor.com.ar/Attraction_Review-g60842-d247701-Reviews-Ripley_s_Aquarium_of_the_Smokies-Gatlinburg_Tennessee.html,35.714790,-83.513481,15.082 opiniones
322,https://www.tripadvisor.com.ar/Attraction_Review-g55270-d4412583-Reviews-The_Island_in_Pigeon_Forge-Pigeon_Forge_Tennessee.html,35.802605,-83.570358,12.197 opiniones
323,https://www.tripadvisor.com.ar/Attraction_Review-g55229-d106495-Reviews-RCA_Studio_B-Nashville_Davidson_County_Tennessee.html,36.149914,-86.792961,3.939 opiniones
324,https://www.tripadvisor.com.ar/Attraction_Review-g54946-d104477-Reviews-Tennessee_Aquarium-Chattanooga_Tennessee.html,35.055859,-85.310997,7.070 opiniones
325,https://www.tripadvisor.com.ar/Attraction_Review-g60842-d8780307-Reviews-Tennessee_Homemade_Wines-Gatlinburg_Tennessee.html,35.712826,-83.514893,7.008 opiniones
326,https://www.tripadvisor.com.ar/Attraction_Review-g55229-d106501-Reviews-Andrew_Jackson_s_Hermitage-Nashville_Davidson_County_Tennessee.html,36.214359,-86.615784,5.844 opiniones
327,https://www.tripadvisor.com.ar/Attraction_Review-g60842-d284003-Reviews-Gatlinburg_SkyLift_Park-Gatlinburg_Tennessee.html,35.711796,-83.518341,7.090 opiniones
328,https://www.tripadvisor.com.ar/Attraction_Review-g55229-d592251-Reviews-Gaylord_Opryland_Resort_Gardens-Nashville_Davidson_County_Tennessee.html,36.213501,-86.697441,6.136 opiniones
329,https://www.tripadvisor.com.ar/Attraction_Review-g54946-d105134-Reviews-Lookout_Mountain-Chattanooga_Tennessee.html,34.973881,-85.347900,4.353 opiniones
330,https://www.tripadvisor.com.ar/Attraction_Review-g55229-d4177748-Reviews-The_Johnny_Cash_Museum-Nashville_Davidson_County_Tennessee.html,36.160969,-86.775742,7.104 opiniones
331,https://www.tripadvisor.com.ar/Attraction_Review-g55270-d4606908-Reviews-Smoky_Mountain_Alpine_Coaster-Pigeon_Forge_Tennessee.html,35.793480,-83.596512,5.373 opiniones
332,https://www.tripadvisor.com.ar/Attraction_Review-g55055-d538186-Reviews-Lotz_House_Museum-Franklin_Tennessee.html,35.917767,-86.872826,3.347 opiniones
333,https://www.tripadvisor.com.ar/Attraction_Review-g55270-d649413-Reviews-Mountain_Valley_Winery-Pigeon_Forge_Tennessee.html,35.818050,-83.579132,2.726 opiniones
334,https://www.tripadvisor.com.ar/Attraction_Review-g55383-d654817-Reviews-Tuckaleechee_Caverns-Townsend_Tennessee.html,35.660278,-83.774384,2.895 opiniones
335,https://www.tripadvisor.com.ar/Attraction_Review-g143031-d145147-Reviews-Clingmans_Dome-Great_Smoky_Mountains_National_Park_Tennessee.html,35.562878,-83.498528,3.132 opiniones
336,https://www.tripadvisor.com.ar/Attraction_Review-g55328-d1634267-Reviews-Hillside_Winery-Sevierville_Tennessee.html,35.837654,-83.561249,2.693 opiniones
337,https://www.tripadvisor.com.ar/Attraction_Review-g143031-d145151-Reviews-Alum_Cave_Trail-Great_Smoky_Mountains_National_Park_Tennessee.html,35.638844,-83.444969,466 opiniones
338,https://www.tripadvisor.com.ar/Attraction_Review-g55197-d108044-Reviews-Slave_Haven_Burkle_Estate_Museum-Memphis_Tennessee.html,35.164639,-90.043182,750 opiniones
339,https://www.tripadvisor.com.ar/Attraction_Review-g143031-d145146-Reviews-Sugarlands_Visitors_Center-Great_Smoky_Mountains_National_Park_Tennessee.html,35.685551,-83.536644,1.074 opiniones
340,https://www.tripadvisor.com.ar/Attraction_Review-g60970-d277911-Reviews-Stones_River_National_Battlefield-Murfreesboro_Tennessee.html,35.880501,-86.434822,819 opiniones
341,https://www.tripadvisor.com.ar/Attraction_Review-g55270-d5776833-Reviews-Wild_Gals_Old_Time_Photo-Pigeon_Forge_Tennessee.html,35.824318,-83.576263,1.720 opiniones
342,https://www.tripadvisor.com.ar/Attraction_Review-g55353-d207254-Reviews-Fall_Creek_Falls-Spencer_Tennessee.html,35.646332,-85.355362,721 opiniones
343,https://www.tripadvisor.com.ar/Attraction_Review-g55328-d1018189-Reviews-Smoky_Mountain_Knife_Works-Sevierville_Tennessee.html,35.934490,-83.584221,3.269 opiniones
344,https://www.tripadvisor.com.ar/Attraction_Review-g55270-d7791318-Reviews-Outdoor_Gravity_Park-Pigeon_Forge_Tennessee.html,35.817234,-83.571800,776 opiniones
345,https://www.tripadvisor.com.ar/Attraction_Review-g55270-d13834626-Reviews-Pigeon_Forge_Snow-Pigeon_Forge_Tennessee.html,35.807755,-83.573402,1.208 opiniones
346,https://www.tripadvisor.com.ar/Attraction_Review-g55328-d1070778-Reviews-Apple_Barn_Winery-Sevierville_Tennessee.html,35.826439,-83.578560,1.013 opiniones
347,https://www.tripadvisor.com.ar/Attraction_Review-g55229-d10533133-Reviews-John_Seigenthaler_Pedestrian_Bridge-Nashville_Davidson_County_Tennessee.html,36.163391,-86.770447,1.075 opiniones
348,https://www.tripadvisor.com.ar/Attraction_Review-g143031-d2268328-Reviews-Oconaluftee_Visitor_Center-Great_Smoky_Mountains_National_Park_Tennessee.html,35.513130,-83.306213,1.092 opiniones
349,https://www.tripadvisor.com.ar/Attraction_Review-g55165-d269209-Reviews-Point_Park_Lookout_Mountain_Battlefields-Lookout_Mountain_Tennessee.html,34.992699,-85.353111,789 opiniones
350,https://www.tripadvisor.com.ar/Attraction_Review-g60842-d2208909-Reviews-Bootleggers_Homemade_Wine-Gatlinburg_Tennessee.html,35.710873,-83.519295,861 opiniones
351,https://www.tripadvisor.com.ar/Attraction_Review-g55247-d1108997-Reviews-Ocoee_Outdoors_Inc-Ocoee_Tennessee.html,35.100025,-84.652039,682 opiniones
352,https://www.tripadvisor.com.ar/Attraction_Review-g60842-d8431583-Reviews-Fowler_s_Clay_Works-Gatlinburg_Tennessee.html,35.725903,-83.470398,428 opiniones
353,https://www.tripadvisor.com.ar/Attraction_Review-g55229-d558651-Reviews-Athena_Statue-Nashville_Davidson_County_Tennessee.html,36.148510,-86.818207,662 opiniones
354,https://www.tripadvisor.com.ar/Attraction_Review-g143031-d3320053-Reviews-Foothills_Parkway-Great_Smoky_Mountains_National_Park_Tennessee.html,35.690632,-83.706100,605 opiniones
355,https://www.tripadvisor.com.ar/Attraction_Review-g54971-d3427574-Reviews-Cummins_Falls_State_Park-Cookeville_Tennessee.html,36.253830,-85.564819,682 opiniones
356,https://www.tripadvisor.com.ar/Attraction_Review-g55193-d546877-Reviews-Cumberland_Caverns-McMinnville_Tennessee.html,35.665550,-85.684196,493 opiniones
357,https://www.tripadvisor.com.ar/Attraction_Review-g60842-d17852753-Reviews-SkyBridge-Gatlinburg_Tennessee.html,35.712372,-83.518219,463 opiniones
358,https://www.tripadvisor.com.ar/Attraction_Review-g55197-d3188112-Reviews-Shelby_Farms_Park-Memphis_Tennessee.html,35.138199,-89.833122,582 opiniones
359,https://www.tripadvisor.com.ar/Attraction_Review-g55270-d4513336-Reviews-The_Great_Smoky_Mountain_Wheel-Pigeon_Forge_Tennessee.html,35.802391,-83.571136,1.100 opiniones
360,https://www.tripadvisor.com.ar/Attraction_Review-g60842-d1458613-Reviews-Salt_and_Pepper_Shaker_Museum-Gatlinburg_Tennessee.html,35.716019,-83.502541,638 opiniones
361,https://www.tripadvisor.com.ar/Attraction_Review-g143031-d145151-Reviews-Alum_Cave_Trail-Great_Smoky_Mountains_National_Park_Tennessee.html,35.638844,-83.444969,466 opiniones
362,https://www.tripadvisor.com.ar/Attraction_Review-g55197-d108044-Reviews-Slave_Haven_Burkle_Estate_Museum-Memphis_Tennessee.html,35.164639,-90.043182,750 opiniones
363,https://www.tripadvisor.com.ar/Attraction_Review-g143031-d145146-Reviews-Sugarlands_Visitors_Center-Great_Smoky_Mountains_National_Park_Tennessee.html,35.685551,-83.536644,1.074 opiniones
364,https://www.tripadvisor.com.ar/Attraction_Review-g60970-d277911-Reviews-Stones_River_National_Battlefield-Murfreesboro_Tennessee.html,35.880501,-86.434822,819 opiniones
365,https://www.tripadvisor.com.ar/Attraction_Review-g55270-d5776833-Reviews-Wild_Gals_Old_Time_Photo-Pigeon_Forge_Tennessee.html,35.824318,-83.576263,1.720 opiniones
366,https://www.tripadvisor.com.ar/Attraction_Review-g55229-d14980937-Reviews-Tennessee_Legend_Distillery-Nashville_Davidson_County_Tennessee.html,36.164471,-86.796593,253 opiniones
367,https://www.tripadvisor.com.ar/Attraction_Review-g54958-d534819-Reviews-Museum_of_Appalachia-Clinton_Tennessee.html,36.180138,-84.069725,457 opiniones
368,https://www.tripadvisor.com.ar/Attraction_Review-g55242-d599371-Reviews-American_Museum_of_Science_Energy-Oak_Ridge_Tennessee.html,36.012672,-84.252548,532 opiniones
369,https://www.tripadvisor.com.ar/Attraction_Review-g55270-d143732-Reviews-The_Comedy_Barn-Pigeon_Forge_Tennessee.html,35.801193,-83.571068,4.433 opiniones
370,https://www.tripadvisor.com.ar/Attraction_Review-g55270-d1674343-Reviews-SpeedZone_Fun_Park-Pigeon_Forge_Tennessee.html,35.789494,-83.556137,499 opiniones
371,https://www.tripadvisor.com.ar/Attraction_Review-g55138-d266190-Reviews-Knoxville_Museum_of_Art-Knoxville_Tennessee.html,35.962505,-83.925133,353 opiniones
372,https://www.tripadvisor.com.ar/Attraction_Review-g55123-d10990364-Reviews-Samuel_T_Bryant_Distillery-Jackson_Tennessee.html,35.633636,-88.958153,193 opiniones
373,https://www.tripadvisor.com.ar/Attraction_Review-g55267-d14996376-Reviews-Historic_Brushy_Mountain_State_Penitentiary-Petros_Tennessee.html,36.104561,-84.448578,223 opiniones
374,https://www.tripadvisor.com.ar/Attraction_Review-g60842-d292825-Reviews-Hillbilly_Golf-Gatlinburg_Tennessee.html,35.718761,-83.510124,2.282 opiniones
375,https://www.tripadvisor.com.ar/Attraction_Review-g60842-d23474593-Reviews-Elkmont_Winery-Gatlinburg_Tennessee.html,35.711765,-83.517616,126 opiniones
376,https://www.tripadvisor.com.ar/Attraction_Review-g55229-d6385478-Reviews-Tennessee_Brew_Works-Nashville_Davidson_County_Tennessee.html,36.150425,-86.775764,211 opiniones
377,https://www.tripadvisor.com.ar/Attraction_Review-g55270-d9727686-Reviews-TopJump_Trampoline_Extreme_Arena-Pigeon_Forge_Tennessee.html,35.781113,-83.548889,1.084 opiniones
378,https://www.tripadvisor.com.ar/Attraction_Review-g55270-d12365756-Reviews-Conway_Twitty_Tribute_by_Travis_James-Pigeon_Forge_Tennessee.html,35.797470,-83.570045,1.148 opiniones
379,https://www.tripadvisor.com.ar/Attraction_Review-g46487-d557397-Reviews-Grounds_For_Sculpture-Hamilton_New_Jersey.html,40.237026,-74.719063,1.950 opiniones
380,https://www.tripadvisor.com.ar/Attraction_Review-g46696-d583375-Reviews-Ocean_City_Boardwalk-Ocean_City_Cape_May_County_New_Jersey.html,39.275700,-74.569725,1.917 opiniones
381,https://www.tripadvisor.com.ar/Attraction_Review-g46342-d268949-Reviews-Cape_May_County_Park_Zoo-Cape_May_Court_House_Middle_Township_Cape_May_County_New_J.html,39.102119,-74.811310,1.649 opiniones
382,https://www.tripadvisor.com.ar/Attraction_Review-g46372-d260926-Reviews-Lakota_Wolf_Preserve-Columbia_New_Jersey.html,40.970928,-75.072227,763 opiniones
383,https://www.tripadvisor.com.ar/Attraction_Review-g46341-d103993-Reviews-Cape_May_Lighthouse-Cape_May_Cape_May_County_New_Jersey.html,38.932961,-74.960838,2.158 opiniones
384,https://www.tripadvisor.com.ar/Attraction_Review-g46341-d4427470-Reviews-Cape_May_Beach-Cape_May_Cape_May_County_New_Jersey.html,38.931480,-74.913467,2.259 opiniones
385,https://www.tripadvisor.com.ar/Attraction_Review-g46931-d123072-Reviews-Wildwood_Beach-Wildwood_Cape_May_County_New_Jersey.html,38.987068,-74.811348,1.920 opiniones
386,https://www.tripadvisor.com.ar/Attraction_Review-g46341-d3170944-Reviews-Jersey_Shore_Alpacas-Cape_May_Cape_May_County_New_Jersey.html,39.041618,-74.902283,703 opiniones
387,https://www.tripadvisor.com.ar/Attraction_Review-g46531-d548855-Reviews-Liberty_State_Park-Jersey_City_New_Jersey.html,40.694241,-74.081657,1.504 opiniones
388,https://www.tripadvisor.com.ar/Attraction_Review-g46341-d1881607-Reviews-Naval_Air_Station_Wildwood_Aviation_Museum-Cape_May_Cape_May_County_New_Jersey.html,39.005077,-74.909409,991 opiniones
389,https://www.tripadvisor.com.ar/Attraction_Review-g46414-d8146396-Reviews-The_Mills_at_Jersey_Gardens-Elizabeth_New_Jersey.html,40.660042,40.660042,1.607 opiniones
390,https://www.tripadvisor.com.ar/Attraction_Review-g46931-d1142496-Reviews-Wildwood_Boardwalk-Wildwood_Cape_May_County_New_Jersey.html,38.986675,-74.810730,1.513 opiniones
391,https://www.tripadvisor.com.ar/Attraction_Review-g46340-d135399-Reviews-Adventure_Aquarium-Camden_New_Jersey.html,39.946068,-75.131004,1.494 opiniones
392,https://www.tripadvisor.com.ar/Attraction_Review-g46340-d629899-Reviews-Battleship_New_Jersey-Camden_New_Jersey.html,39.939484,-75.131157,609 opiniones
393,https://www.tripadvisor.com.ar/Attraction_Review-g60796-d1023095-Reviews-Thomas_Edison_National_Historical_Park-West_Orange_New_Jersey.html,40.784340,-74.233635,497 opiniones
394,https://www.tripadvisor.com.ar/Attraction_Review-g46299-d1232157-Reviews-Belmar_Beach_and_Boardwalk-Belmar_New_Jersey.html,40.177101,-74.013672,466 opiniones
395,https://www.tripadvisor.com.ar/Attraction_Review-g60763-d105127-Reviews-Central_Park-New_York_City_New_York.html,40.781246,-73.966667,133.984 opiniones
396,https://www.tripadvisor.com.ar/Attraction_Review-g60763-d1687489-Reviews-The_National_9_11_Memorial_Museum-New_York_City_New_York.html,40.711510,-74.013321,96.851 opiniones
397,https://www.tripadvisor.com.ar/Attraction_Review-g60763-d105125-Reviews-The_Metropolitan_Museum_of_Art-New_York_City_New_York.html,40.779430,-73.963242,55.168 opiniones
398,https://www.tripadvisor.com.ar/Attraction_Review-g60763-d104365-Reviews-Empire_State_Building-New_York_City_New_York.html,40.748402,-73.985703,94.767 opiniones
399,https://www.tripadvisor.com.ar/Attraction_Review-g60763-d519474-Reviews-The_High_Line-New_York_City_New_York.html,40.739628,-74.008209,62.993 opiniones
