,state_id,attraction,categories,reviews_url,region
0,AL,USS ALABAMA Battleship Memorial Park,"Museos militares, Barcos",https://www.tripadvisor.com.ar/Attraction_Review-g30709-d109107-Reviews-USS_ALABAMA_Battleship_Memorial_Park-Mobile_Alabama.html,East South Central
1,AL,Barber Vintage Motorsports Museum,"Museos especializados, Pistas de carreras de automóviles",https://www.tripadvisor.com.ar/Attraction_Review-g30375-d107359-Reviews-Barber_Vintage_Motorsports_Museum-Birmingham_Alabama.html,East South Central
2,AL,Gulf State Park,"Parques estatales, Playas",https://www.tripadvisor.com.ar/Attraction_Review-g30582-d143881-Reviews-Gulf_State_Park-Gulf_Shores_Alabama.html,East South Central
3,AL,Birmingham Civil Rights Institute,Museos de historia,https://www.tripadvisor.com.ar/Attraction_Review-g30375-d106398-Reviews-Birmingham_Civil_Rights_Institute-Birmingham_Alabama.html,East South Central
4,AL,Legacy Museum,"Museos de arte, Museos de historia",https://www.tripadvisor.com.ar/Attraction_Review-g30712-d13977526-Reviews-Legacy_Museum-Montgomery_Alabama.html,East South Central
5,AL,U.S. Veterans Memorial Museum,"Museos militares, Museos de historia",https://www.tripadvisor.com.ar/Attraction_Review-g30620-d3626681-Reviews-U_S_Veterans_Memorial_Museum-Huntsville_Alabama.html,East South Central
6,AL,Vulcan Park and Museum,"Miradores, Parques",https://www.tripadvisor.com.ar/Attraction_Review-g30375-d560502-Reviews-Vulcan_Park_and_Museum-Birmingham_Alabama.html,East South Central
7,AL,National Memorial for Peace and Justice,"Lugares históricos, Monumentos y estatuas",https://www.tripadvisor.com.ar/Attraction_Review-g30712-d13977560-Reviews-National_Memorial_for_Peace_and_Justice-Montgomery_Alabama.html,East South Central
8,AL,Huntsville Botanical Garden,Jardines,https://www.tripadvisor.com.ar/Attraction_Review-g30620-d269098-Reviews-Huntsville_Botanical_Garden-Huntsville_Alabama.html,East South Central
9,AL,FORT MORGAN HISTORIC SITE,"Lugares históricos, Campos de batalla",https://www.tripadvisor.com.ar/Attraction_Review-g1475965-d116440-Reviews-FORT_MORGAN_HISTORIC_SITE-Fort_Morgan_Alabama.html,East South Central
10,AL,Rosa Parks Library and Museum,Museos de historia,https://www.tripadvisor.com.ar/Attraction_Review-g30712-d259988-Reviews-Rosa_Parks_Library_and_Museum-Montgomery_Alabama.html,East South Central
11,AL,The Wharf,Puertos deportivos,https://www.tripadvisor.com.ar/Attraction_Review-g30753-d1847139-Reviews-The_Wharf-Orange_Beach_Alabama.html,East South Central
12,AL,Bellingrath Gardens & Home,"Áreas históricas peatonales, Jardines",https://www.tripadvisor.com.ar/Attraction_Review-g30874-d126982-Reviews-Bellingrath_Gardens_Home-Theodore_Alabama.html,East South Central
13,AL,Little River Canyon National Preserve,"Parques nacionales, Cañones",https://www.tripadvisor.com.ar/Attraction_Review-g60889-d143199-Reviews-Little_River_Canyon_National_Preserve-Fort_Payne_Alabama.html,East South Central
14,AL,Birmingham Botanical Gardens,Jardines,https://www.tripadvisor.com.ar/Attraction_Review-g30375-d560671-Reviews-Birmingham_Botanical_Gardens-Birmingham_Alabama.html,East South Central
15,AL,Noccalula Falls Park & Campground,"Parques, Cascadas",https://www.tripadvisor.com.ar/Attraction_Review-g30549-d264873-Reviews-Noccalula_Falls_Park_Campground-Gadsden_Alabama.html,East South Central
16,AL,Mobile Bay Ferry,Ferris,https://www.tripadvisor.com.ar/Attraction_Review-g30472-d2702974-Reviews-Mobile_Bay_Ferry-Dauphin_Island_Alabama.html,East South Central
17,AL,Cathedral Caverns State Park,Cavernas y cuevas,https://www.tripadvisor.com.ar/Attraction_Review-g30937-d264055-Reviews-Cathedral_Caverns_State_Park-Woodville_Alabama.html,East South Central
18,AL,Gulf Shores Welcome Center,Centros de información turística,https://www.tripadvisor.com.ar/Attraction_Review-g30582-d216805-Reviews-Gulf_Shores_Welcome_Center-Gulf_Shores_Alabama.html,East South Central
19,AL,Alabama Aquarium at the Dauphin Island Sea Lab,"Museos de ciencia, Acuarios",https://www.tripadvisor.com.ar/Attraction_Review-g30472-d143874-Reviews-Alabama_Aquarium_at_the_Dauphin_Island_Sea_Lab-Dauphin_Island_Alabama.html,East South Central
20,AL,Gulf State Park Fishing Pier,"Parques estatales, Muelles y paseos peatonales",https://www.tripadvisor.com.ar/Attraction_Review-g30582-d2300144-Reviews-Gulf_State_Park_Fishing_Pier-Gulf_Shores_Alabama.html,East South Central
21,AL,USS ALABAMA Battleship Memorial Park,"Museos militares, Barcos",https://www.tripadvisor.com.ar/Attraction_Review-g30709-d109107-Reviews-USS_ALABAMA_Battleship_Memorial_Park-Mobile_Alabama.html,East South Central
22,AL,Sloss Furnaces National Historic Landmark,"Lugares históricos, Monumentos y lugares de interés",https://www.tripadvisor.com.ar/Attraction_Review-g30375-d525168-Reviews-Sloss_Furnaces_National_Historic_Landmark-Birmingham_Alabama.html,East South Central
23,AL,First White House of the Confederacy,Lugares históricos,https://www.tripadvisor.com.ar/Attraction_Review-g30712-d105428-Reviews-First_White_House_of_the_Confederacy-Montgomery_Alabama.html,East South Central
24,AL,GulfQuest - National Maritime Museum of the Gulf of Mexico,Museos especializados,https://www.tripadvisor.com.ar/Attraction_Review-g30709-d7761997-Reviews-GulfQuest_National_Maritime_Museum_of_the_Gulf_of_Mexico-Mobile_Alabama.html,East South Central
25,AL,Fort Gaines,Lugares históricos,https://www.tripadvisor.com.ar/Attraction_Review-g30472-d143876-Reviews-Fort_Gaines-Dauphin_Island_Alabama.html,East South Central
26,AL,Big Beach Brewing Company,Cervecerías,https://www.tripadvisor.com.ar/Attraction_Review-g30582-d11916270-Reviews-Big_Beach_Brewing_Company-Gulf_Shores_Alabama.html,East South Central
27,AL,Huntsville Escape Rooms,Juegos de escape,https://www.tripadvisor.com.ar/Attraction_Review-g30620-d9466435-Reviews-Huntsville_Escape_Rooms-Huntsville_Alabama.html,East South Central
28,AL,The Fun Boats Dolphin Cruises,"Tours en barco, Alquileres de barcos",https://www.tripadvisor.com.ar/Attraction_Review-g30753-d6765772-Reviews-The_Fun_Boats_Dolphin_Cruises-Orange_Beach_Alabama.html,East South Central
29,AL,Ike's Beach Service,Alquileres de equipos,https://www.tripadvisor.com.ar/Attraction_Review-g30582-d4728963-Reviews-Ike_s_Beach_Service-Gulf_Shores_Alabama.html,East South Central
30,KY,Louisville Mega Cavern,Cavernas y cuevas,https://www.tripadvisor.com.ar/Attraction_Review-g39604-d1887189-Reviews-Louisville_Mega_Cavern-Louisville_Kentucky.html,East South Central
31,KY,Maker's Mark,Destilerías,https://www.tripadvisor.com.ar/Attraction_Review-g39601-d108035-Reviews-Maker_s_Mark-Loretto_Kentucky.html,East South Central
32,KY,Louisville Slugger Museum & Factory,Museos especializados,https://www.tripadvisor.com.ar/Attraction_Review-g39604-d105618-Reviews-Louisville_Slugger_Museum_Factory-Louisville_Kentucky.html,East South Central
33,KY,Lost River Cave,"Cavernas y cuevas, Formaciones geológicas",https://www.tripadvisor.com.ar/Attraction_Review-g39214-d287741-Reviews-Lost_River_Cave-Bowling_Green_Kentucky.html,East South Central
34,KY,Keeneland, Carreras de caballos,https://www.tripadvisor.com.ar/Attraction_Review-g39588-d108503-Reviews-Keeneland-Lexington_Kentucky.html,East South Central
35,KY,Kentucky Derby Museum,Museos especializados,https://www.tripadvisor.com.ar/Attraction_Review-g39604-d104504-Reviews-Kentucky_Derby_Museum-Louisville_Kentucky.html,East South Central
36,KY,Buffalo Trace Distillery,Destilerías,https://www.tripadvisor.com.ar/Attraction_Review-g39426-d1112388-Reviews-Buffalo_Trace_Distillery-Frankfort_Kentucky.html,East South Central
37,KY,Mammoth Cave,Cavernas y cuevas,https://www.tripadvisor.com.ar/Attraction_Review-g143043-d146944-Reviews-Mammoth_Cave-Mammoth_Cave_National_Park_Kentucky.html,East South Central
38,KY,Ark Encounter,Museos especializados,https://www.tripadvisor.com.ar/Attraction_Review-g39995-d10110346-Reviews-Ark_Encounter-Williamstown_Kentucky.html,East South Central
39,KY,Churchill Downs,"Lugares históricos,  Carreras de caballos",https://www.tripadvisor.com.ar/Attraction_Review-g39604-d144389-Reviews-Churchill_Downs-Louisville_Kentucky.html,East South Central
40,KY,National Corvette Museum,Museos especializados,https://www.tripadvisor.com.ar/Attraction_Review-g39214-d106553-Reviews-National_Corvette_Museum-Bowling_Green_Kentucky.html,East South Central
41,KY,James E. Pepper Distillery,Destilerías,https://www.tripadvisor.com.ar/Attraction_Review-g39588-d14792244-Reviews-James_E_Pepper_Distillery-Lexington_Kentucky.html,East South Central
42,KY,Conrad-Caldwell House Museum (Conrad's Castle),"Museos especializados, Lugares históricos",https://www.tripadvisor.com.ar/Attraction_Review-g39604-d784186-Reviews-Conrad_Caldwell_House_Museum_Conrad_s_Castle-Louisville_Kentucky.html,East South Central
43,KY,Parque Ecuestre Kentucky,"Museos especializados, Parques estatales",https://www.tripadvisor.com.ar/Attraction_Review-g39588-d103526-Reviews-Kentucky_Horse_Park-Lexington_Kentucky.html,East South Central
44,KY,Crystal Onyx Cave,Cavernas y cuevas,https://www.tripadvisor.com.ar/Attraction_Review-g39265-d145670-Reviews-Crystal_Onyx_Cave-Cave_City_Kentucky.html,East South Central
45,KY,Creation Museum,Museos de historia natural,https://www.tripadvisor.com.ar/Attraction_Review-g39743-d619562-Reviews-Creation_Museum-Petersburg_Kentucky.html,East South Central
46,KY,Castle & Key Distillery,Destilerías,https://www.tripadvisor.com.ar/Attraction_Review-g39426-d13109537-Reviews-Castle_Key_Distillery-Frankfort_Kentucky.html,East South Central
47,KY,Woodford Reserve Distillery,"Destilerías, Cervecerías",https://www.tripadvisor.com.ar/Attraction_Review-g39940-d610163-Reviews-Woodford_Reserve_Distillery-Versailles_Kentucky.html,East South Central
48,KY,The Big Four Bridge,Puentes,https://www.tripadvisor.com.ar/Attraction_Review-g39604-d3947658-Reviews-The_Big_Four_Bridge-Louisville_Kentucky.html,East South Central
49,KY,James B. Beam Distilling Co.,Destilerías,https://www.tripadvisor.com.ar/Attraction_Review-g39282-d106422-Reviews-James_B_Beam_Distilling_Co-Clermont_Kentucky.html,East South Central
50,KY,Willett Distilling Company,Destilerías,https://www.tripadvisor.com.ar/Attraction_Review-g39163-d3618942-Reviews-Willett_Distilling_Company-Bardstown_Kentucky.html,East South Central
51,KY,Four Roses,Destilerías,https://www.tripadvisor.com.ar/Attraction_Review-g39575-d1195663-Reviews-Four_Roses-Lawrenceburg_Kentucky.html,East South Central
52,KY,The National Quilt Museum,Museos de arte,https://www.tripadvisor.com.ar/Attraction_Review-g39725-d270438-Reviews-The_National_Quilt_Museum-Paducah_Kentucky.html,East South Central
53,KY,NCM Motorsports Park,Pistas de carreras de automóviles,https://www.tripadvisor.com.ar/Attraction_Review-g39214-d7125698-Reviews-NCM_Motorsports_Park-Bowling_Green_Kentucky.html,East South Central
54,KY,Muhammad Ali Center,Museos especializados,https://www.tripadvisor.com.ar/Attraction_Review-g39604-d587544-Reviews-Muhammad_Ali_Center-Louisville_Kentucky.html,East South Central
55,KY,Angel's Envy Distillery,Destilerías,https://www.tripadvisor.com.ar/Attraction_Review-g39604-d11626792-Reviews-Angel_s_Envy_Distillery-Louisville_Kentucky.html,East South Central
56,KY,Stitzel-Weller Distillery,Destilerías,https://www.tripadvisor.com.ar/Attraction_Review-g39604-d7246852-Reviews-Stitzel_Weller_Distillery-Louisville_Kentucky.html,East South Central
57,KY,Mill Ridge Farm,Granjas,https://www.tripadvisor.com.ar/Attraction_Review-g39588-d12604531-Reviews-Mill_Ridge_Farm-Lexington_Kentucky.html,East South Central
58,KY,Cumberland Gap National Historical Park,Parques nacionales,https://www.tripadvisor.com.ar/Attraction_Review-g60782-d264839-Reviews-Cumberland_Gap_National_Historical_Park-Middlesboro_Kentucky.html,East South Central
59,KY,Cumberland Falls State Resort Park,"Parques estatales, Cascadas",https://www.tripadvisor.com.ar/Attraction_Review-g39295-d145353-Reviews-Cumberland_Falls_State_Resort_Park-Corbin_Kentucky.html,East South Central
60,KY,Louisville Mega Cavern,Cavernas y cuevas,https://www.tripadvisor.com.ar/Attraction_Review-g39604-d1887189-Reviews-Louisville_Mega_Cavern-Louisville_Kentucky.html,East South Central
61,KY,Maker's Mark,Destilerías,https://www.tripadvisor.com.ar/Attraction_Review-g39601-d108035-Reviews-Maker_s_Mark-Loretto_Kentucky.html,East South Central
62,KY,Louisville Slugger Museum & Factory,Museos especializados,https://www.tripadvisor.com.ar/Attraction_Review-g39604-d105618-Reviews-Louisville_Slugger_Museum_Factory-Louisville_Kentucky.html,East South Central
63,KY,Lost River Cave,"Cavernas y cuevas, Formaciones geológicas",https://www.tripadvisor.com.ar/Attraction_Review-g39214-d287741-Reviews-Lost_River_Cave-Bowling_Green_Kentucky.html,East South Central
64,KY,Keeneland, Carreras de caballos,https://www.tripadvisor.com.ar/Attraction_Review-g39588-d108503-Reviews-Keeneland-Lexington_Kentucky.html,East South Central
65,KY,Kentucky Derby Museum,Museos especializados,https://www.tripadvisor.com.ar/Attraction_Review-g39604-d104504-Reviews-Kentucky_Derby_Museum-Louisville_Kentucky.html,East South Central
66,KY,Lexington Brewing & Distilling Co.,Cervecerías,https://www.tripadvisor.com.ar/Attraction_Review-g39588-d1657487-Reviews-Lexington_Brewing_Distilling_Co-Lexington_Kentucky.html,East South Central
67,KY,Evan Williams Bourbon Experience,Destilerías,https://www.tripadvisor.com.ar/Attraction_Review-g39604-d5505860-Reviews-Evan_Williams_Bourbon_Experience-Louisville_Kentucky.html,East South Central
68,KY,Old Friends at Dream Chase Farm,Granjas,https://www.tripadvisor.com.ar/Attraction_Review-g39440-d631167-Reviews-Old_Friends_at_Dream_Chase_Farm-Georgetown_Kentucky.html,East South Central
69,KY,Floodwall Murals,Monumentos y lugares de interés,https://www.tripadvisor.com.ar/Attraction_Review-g39725-d270433-Reviews-Floodwall_Murals-Paducah_Kentucky.html,East South Central
70,KY,Claiborne Farm,Granjas,https://www.tripadvisor.com.ar/Attraction_Review-g39728-d6522678-Reviews-Claiborne_Farm-Paris_Kentucky.html,East South Central
71,KY,Kentucky Peerless Distilling Co,Destilerías,https://www.tripadvisor.com.ar/Attraction_Review-g39604-d8325302-Reviews-Kentucky_Peerless_Distilling_Co-Louisville_Kentucky.html,East South Central
72,KY,Limestone Branch Distillery,Destilerías,https://www.tripadvisor.com.ar/Attraction_Review-g39577-d2716718-Reviews-Limestone_Branch_Distillery-Lebanon_Kentucky.html,East South Central
73,KY,Natural Bridge State Resort Park,"Parques estatales, Parques",https://www.tripadvisor.com.ar/Attraction_Review-g39858-d259757-Reviews-Natural_Bridge_State_Resort_Park-Slade_Kentucky.html,East South Central
74,KY,Abraham Lincoln Birthplace National Historical Park,Lugares históricos,https://www.tripadvisor.com.ar/Attraction_Review-g60708-d108188-Reviews-Abraham_Lincoln_Birthplace_National_Historical_Park-Hodgenville_Kentucky.html,East South Central
75,KY,Boone County Distilling Company,Destilerías,https://www.tripadvisor.com.ar/Attraction_Review-g39528-d11733684-Reviews-Boone_County_Distilling_Company-Independence_Kentucky.html,East South Central
76,KY,Bernheim Arboretum & Forest,Áreas de naturaleza y vida silvestre,https://www.tripadvisor.com.ar/Attraction_Review-g39282-d1554910-Reviews-Bernheim_Arboretum_Forest-Clermont_Kentucky.html,East South Central
77,KY,Old Forester Distilling,Destilerías,https://www.tripadvisor.com.ar/Attraction_Review-g39604-d14154130-Reviews-Old_Forester_Distilling-Louisville_Kentucky.html,East South Central
78,KY,Bluegrass Distillers,Destilerías,https://www.tripadvisor.com.ar/Attraction_Review-g39588-d12550924-Reviews-Bluegrass_Distillers-Lexington_Kentucky.html,East South Central
79,KY,Harland Sanders Cafe And Museum,Museos de historia,https://www.tripadvisor.com.ar/Attraction_Review-g39295-d630358-Reviews-Harland_Sanders_Cafe_And_Museum-Corbin_Kentucky.html,East South Central
80,KY,Breakout Games - Lexington,Juegos de escape,https://www.tripadvisor.com.ar/Attraction_Review-g39588-d7352030-Reviews-Breakout_Games_Lexington-Lexington_Kentucky.html,East South Central
81,KY,Sherlock's Escape Rooms,Juegos de escape,https://www.tripadvisor.com.ar/Attraction_Review-g39412-d10679644-Reviews-Sherlock_s_Escape_Rooms-Florence_Kentucky.html,East South Central
82,MS,Vicksburg National Military Park,"Campos de batalla, Parques",https://www.tripadvisor.com.ar/Attraction_Review-g60985-d104724-Reviews-Vicksburg_National_Military_Park-Vicksburg_Mississippi.html,East South Central
83,MS,Elvis Presley Birthplace & Museum,"Museos especializados, Lugares históricos",https://www.tripadvisor.com.ar/Attraction_Review-g60746-d286284-Reviews-Elvis_Presley_Birthplace_Museum-Tupelo_Mississippi.html,East South Central
84,MS,Natchez Trace Parkway,Rutas turísticas,https://www.tripadvisor.com.ar/Attraction_Review-g60746-d550082-Reviews-Natchez_Trace_Parkway-Tupelo_Mississippi.html,East South Central
85,MS,U.S.S. Cairo Museum,"Barcos, Museos de historia",https://www.tripadvisor.com.ar/Attraction_Review-g60985-d146271-Reviews-U_S_S_Cairo_Museum-Vicksburg_Mississippi.html,East South Central
86,MS,Longwood,"Lugares históricos, Monumentos y lugares de interés",https://www.tripadvisor.com.ar/Attraction_Review-g60910-d265976-Reviews-Longwood-Natchez_Mississippi.html,East South Central
87,MS,Biloxi Visitors Center,Centros de información turística,https://www.tripadvisor.com.ar/Attraction_Review-g43686-d283548-Reviews-Biloxi_Visitors_Center-Biloxi_Mississippi.html,East South Central
88,MS,Beauvoir,"Lugares históricos, Monumentos y lugares de interés",https://www.tripadvisor.com.ar/Attraction_Review-g43686-d105573-Reviews-Beauvoir-Biloxi_Mississippi.html,East South Central
89,MS,Stanton Hall,Lugares históricos,https://www.tripadvisor.com.ar/Attraction_Review-g60910-d634844-Reviews-Stanton_Hall-Natchez_Mississippi.html,East South Central
90,MS,Rosalie Mansion,"Museos especializados, Lugares históricos",https://www.tripadvisor.com.ar/Attraction_Review-g60910-d506133-Reviews-Rosalie_Mansion-Natchez_Mississippi.html,East South Central
91,MS,St. Mary Basilica,Iglesias y catedrales,https://www.tripadvisor.com.ar/Attraction_Review-g60910-d2312558-Reviews-St_Mary_Basilica-Natchez_Mississippi.html,East South Central
92,MS,Melrose,"Lugares históricos, Parques nacionales",https://www.tripadvisor.com.ar/Attraction_Review-g60910-d107299-Reviews-Melrose-Natchez_Mississippi.html,East South Central
93,MS,Biloxi Beach,Playas,https://www.tripadvisor.com.ar/Attraction_Review-g43686-d6561286-Reviews-Biloxi_Beach-Biloxi_Mississippi.html,East South Central
94,MS,Natchez Visitor Center,Centros de información turística,https://www.tripadvisor.com.ar/Attraction_Review-g60910-d6698297-Reviews-Natchez_Visitor_Center-Natchez_Mississippi.html,East South Central
95,MS,Mississippi Civil Rights Museum,"Galerías de arte, Museos especializados",https://www.tripadvisor.com.ar/Attraction_Review-g43833-d13382408-Reviews-Mississippi_Civil_Rights_Museum-Jackson_Mississippi.html,East South Central
96,MS,Old Court House Museum,Museos de historia,https://www.tripadvisor.com.ar/Attraction_Review-g60985-d3403591-Reviews-Old_Court_House_Museum-Vicksburg_Mississippi.html,East South Central
97,MS,Vicksburg National Military Park,"Campos de batalla, Parques",https://www.tripadvisor.com.ar/Attraction_Review-g60985-d104724-Reviews-Vicksburg_National_Military_Park-Vicksburg_Mississippi.html,East South Central
98,MS,Elvis Presley Birthplace & Museum,"Museos especializados, Lugares históricos",https://www.tripadvisor.com.ar/Attraction_Review-g60746-d286284-Reviews-Elvis_Presley_Birthplace_Museum-Tupelo_Mississippi.html,East South Central
99,MS,Natchez Trace Parkway,Rutas turísticas,https://www.tripadvisor.com.ar/Attraction_Review-g60746-d550082-Reviews-Natchez_Trace_Parkway-Tupelo_Mississippi.html,East South Central
100,MS,U.S.S. Cairo Museum,"Barcos, Museos de historia",https://www.tripadvisor.com.ar/Attraction_Review-g60985-d146271-Reviews-U_S_S_Cairo_Museum-Vicksburg_Mississippi.html,East South Central
101,MS,McRaven House,Monumentos y lugares de interés,https://www.tripadvisor.com.ar/Attraction_Review-g60985-d8733650-Reviews-McRaven_House-Vicksburg_Mississippi.html,East South Central
102,MS,Hattiesburg Zoo,Zoológicos,https://www.tripadvisor.com.ar/Attraction_Review-g43810-d2076456-Reviews-Hattiesburg_Zoo-Hattiesburg_Mississippi.html,East South Central
103,MS,Jesse Brent Lower Mississippi River Museum and Interpretive Center,Museos especializados,https://www.tripadvisor.com.ar/Attraction_Review-g60985-d3206086-Reviews-Jesse_Brent_Lower_Mississippi_River_Museum_and_Interpretive_Center-Vicksburg_Missi.html,East South Central
104,MS,Lauren Rogers Museum of Art,Museos de arte,https://www.tripadvisor.com.ar/Attraction_Review-g43848-d2078431-Reviews-Lauren_Rogers_Museum_of_Art-Laurel_Mississippi.html,East South Central
105,MS,The Belmont 1857,"Lugares históricos, Edificios con valor arquitectónico",https://www.tripadvisor.com.ar/Attraction_Review-g44087-d10723192-Reviews-The_Belmont_1857-Wayside_Mississippi.html,East South Central
106,MS,Maritime and Seafood Industry Museum,Museos especializados,https://www.tripadvisor.com.ar/Attraction_Review-g43686-d105571-Reviews-Maritime_and_Seafood_Industry_Museum-Biloxi_Mississippi.html,East South Central
107,MS,Waveland's Ground Zero Hurricane Museum,"Galerías de arte, Museos especializados",https://www.tripadvisor.com.ar/Attraction_Review-g44085-d7692389-Reviews-Waveland_s_Ground_Zero_Hurricane_Museum-Waveland_Mississippi.html,East South Central
108,MS,Vicksburg Civil War Museum,Museos de historia,https://www.tripadvisor.com.ar/Attraction_Review-g60985-d23542709-Reviews-Vicksburg_Civil_War_Museum-Vicksburg_Mississippi.html,East South Central
109,TN,Grand Ole Opry,Teatros,https://www.tripadvisor.com.ar/Attraction_Review-g55229-d106503-Reviews-Grand_Ole_Opry-Nashville_Davidson_County_Tennessee.html,East South Central
110,TN,Graceland,"Museos especializados, Monumentos y lugares de interés",https://www.tripadvisor.com.ar/Attraction_Review-g55197-d105746-Reviews-Graceland-Memphis_Tennessee.html,East South Central
111,TN,Ole Smoky,Destilerías,https://www.tripadvisor.com.ar/Attraction_Review-g60842-d1822813-Reviews-Ole_Smoky-Gatlinburg_Tennessee.html,East South Central
112,TN,Sun Studio,Lugares históricos,https://www.tripadvisor.com.ar/Attraction_Review-g55197-d109305-Reviews-Sun_Studio-Memphis_Tennessee.html,East South Central
113,TN,Country Music Hall of Fame and Museum,Museos especializados,https://www.tripadvisor.com.ar/Attraction_Review-g55229-d106493-Reviews-Country_Music_Hall_of_Fame_and_Museum-Nashville_Davidson_County_Tennessee.html,East South Central
114,TN,Ryman Auditorium,"Monumentos y lugares de interés, Teatros",https://www.tripadvisor.com.ar/Attraction_Review-g55229-d106496-Reviews-Ryman_Auditorium-Nashville_Davidson_County_Tennessee.html,East South Central
115,TN,Dollywood,"Parques de diversión y temáticos, Parques acuáticos",https://www.tripadvisor.com.ar/Attraction_Review-g55270-d103537-Reviews-Dollywood-Pigeon_Forge_Tennessee.html,East South Central
116,TN,Parrot Mountain & Gardens,Jardines,https://www.tripadvisor.com.ar/Attraction_Review-g55270-d587905-Reviews-Parrot_Mountain_Gardens-Pigeon_Forge_Tennessee.html,East South Central
117,TN,Belle Meade Historic Site & Winery,Lugares históricos,https://www.tripadvisor.com.ar/Attraction_Review-g55229-d108042-Reviews-Belle_Meade_Historic_Site_Winery-Nashville_Davidson_County_Tennessee.html,East South Central
118,TN,Titanic Museum Attraction,Museos especializados,https://www.tripadvisor.com.ar/Attraction_Review-g55270-d1649446-Reviews-Titanic_Museum_Attraction-Pigeon_Forge_Tennessee.html,East South Central
119,TN,National Civil Rights Museum - Lorraine Motel,"Lugares históricos, Museos de historia",https://www.tripadvisor.com.ar/Attraction_Review-g55197-d105742-Reviews-National_Civil_Rights_Museum_Lorraine_Motel-Memphis_Tennessee.html,East South Central
120,TN,Ole Smoky Tennessee Moonshine,Destilerías,https://www.tripadvisor.com.ar/Attraction_Review-g55270-d7147426-Reviews-Ole_Smoky_Tennessee_Moonshine-Pigeon_Forge_Tennessee.html,East South Central
121,TN,Ripley's Aquarium of the Smokies,Acuarios,https://www.tripadvisor.com.ar/Attraction_Review-g60842-d247701-Reviews-Ripley_s_Aquarium_of_the_Smokies-Gatlinburg_Tennessee.html,East South Central
122,TN,The Island in Pigeon Forge,Parques de diversión y temáticos,https://www.tripadvisor.com.ar/Attraction_Review-g55270-d4412583-Reviews-The_Island_in_Pigeon_Forge-Pigeon_Forge_Tennessee.html,East South Central
123,TN,RCA Studio B,Museos especializados,https://www.tripadvisor.com.ar/Attraction_Review-g55229-d106495-Reviews-RCA_Studio_B-Nashville_Davidson_County_Tennessee.html,East South Central
124,TN,Tennessee Aquarium,Acuarios,https://www.tripadvisor.com.ar/Attraction_Review-g54946-d104477-Reviews-Tennessee_Aquarium-Chattanooga_Tennessee.html,East South Central
125,TN,Tennessee Homemade Wines,Viñedos con bodegas,https://www.tripadvisor.com.ar/Attraction_Review-g60842-d8780307-Reviews-Tennessee_Homemade_Wines-Gatlinburg_Tennessee.html,East South Central
126,TN,Andrew Jackson's Hermitage,"Museos especializados, Lugares históricos",https://www.tripadvisor.com.ar/Attraction_Review-g55229-d106501-Reviews-Andrew_Jackson_s_Hermitage-Nashville_Davidson_County_Tennessee.html,East South Central
127,TN,Gatlinburg SkyLift Park,"Parques de diversión y temáticos, Miradores",https://www.tripadvisor.com.ar/Attraction_Review-g60842-d284003-Reviews-Gatlinburg_SkyLift_Park-Gatlinburg_Tennessee.html,East South Central
128,TN,Gaylord Opryland Resort Gardens,Jardines,https://www.tripadvisor.com.ar/Attraction_Review-g55229-d592251-Reviews-Gaylord_Opryland_Resort_Gardens-Nashville_Davidson_County_Tennessee.html,East South Central
129,TN,Lookout Mountain,"Montañas, Miradores",https://www.tripadvisor.com.ar/Attraction_Review-g54946-d105134-Reviews-Lookout_Mountain-Chattanooga_Tennessee.html,East South Central
130,TN,The Johnny Cash Museum,"Museos especializados, Museos de historia",https://www.tripadvisor.com.ar/Attraction_Review-g55229-d4177748-Reviews-The_Johnny_Cash_Museum-Nashville_Davidson_County_Tennessee.html,East South Central
131,TN,Smoky Mountain Alpine Coaster,Parques de diversión y temáticos,https://www.tripadvisor.com.ar/Attraction_Review-g55270-d4606908-Reviews-Smoky_Mountain_Alpine_Coaster-Pigeon_Forge_Tennessee.html,East South Central
132,TN,Lotz House Museum,"Lugares históricos, Museos de historia",https://www.tripadvisor.com.ar/Attraction_Review-g55055-d538186-Reviews-Lotz_House_Museum-Franklin_Tennessee.html,East South Central
133,TN,Mountain Valley Winery,Viñedos con bodegas,https://www.tripadvisor.com.ar/Attraction_Review-g55270-d649413-Reviews-Mountain_Valley_Winery-Pigeon_Forge_Tennessee.html,East South Central
134,TN,Tuckaleechee Caverns,Cavernas y cuevas,https://www.tripadvisor.com.ar/Attraction_Review-g55383-d654817-Reviews-Tuckaleechee_Caverns-Townsend_Tennessee.html,East South Central
135,TN,Clingmans Dome,Montañas,https://www.tripadvisor.com.ar/Attraction_Review-g143031-d145147-Reviews-Clingmans_Dome-Great_Smoky_Mountains_National_Park_Tennessee.html,East South Central
136,TN,Hillside Winery,Viñedos con bodegas,https://www.tripadvisor.com.ar/Attraction_Review-g55328-d1634267-Reviews-Hillside_Winery-Sevierville_Tennessee.html,East South Central
137,TN,Alum Cave Trail,Rutas para senderismo,https://www.tripadvisor.com.ar/Attraction_Review-g143031-d145151-Reviews-Alum_Cave_Trail-Great_Smoky_Mountains_National_Park_Tennessee.html,East South Central
138,TN,Slave Haven / Burkle Estate Museum,"Lugares históricos, Museos de historia",https://www.tripadvisor.com.ar/Attraction_Review-g55197-d108044-Reviews-Slave_Haven_Burkle_Estate_Museum-Memphis_Tennessee.html,East South Central
139,TN,Sugarlands Visitors Center,Centros de información turística,https://www.tripadvisor.com.ar/Attraction_Review-g143031-d145146-Reviews-Sugarlands_Visitors_Center-Great_Smoky_Mountains_National_Park_Tennessee.html,East South Central
140,TN,Stones River National Battlefield,"Centros de información turística, Campos de batalla",https://www.tripadvisor.com.ar/Attraction_Review-g60970-d277911-Reviews-Stones_River_National_Battlefield-Murfreesboro_Tennessee.html,East South Central
141,TN,Wild Gals Old Time Photo,Centros de juego y entretenimiento,https://www.tripadvisor.com.ar/Attraction_Review-g55270-d5776833-Reviews-Wild_Gals_Old_Time_Photo-Pigeon_Forge_Tennessee.html,East South Central
142,TN,Fall Creek Falls,Cascadas,https://www.tripadvisor.com.ar/Attraction_Review-g55353-d207254-Reviews-Fall_Creek_Falls-Spencer_Tennessee.html,East South Central
143,TN,Smoky Mountain Knife Works,"Tiendas de regalos, Museos especializados",https://www.tripadvisor.com.ar/Attraction_Review-g55328-d1018189-Reviews-Smoky_Mountain_Knife_Works-Sevierville_Tennessee.html,East South Central
144,TN,Outdoor Gravity Park,Parques acuáticos,https://www.tripadvisor.com.ar/Attraction_Review-g55270-d7791318-Reviews-Outdoor_Gravity_Park-Pigeon_Forge_Tennessee.html,East South Central
145,TN,Pigeon Forge Snow,Parques de diversión y temáticos,https://www.tripadvisor.com.ar/Attraction_Review-g55270-d13834626-Reviews-Pigeon_Forge_Snow-Pigeon_Forge_Tennessee.html,East South Central
146,TN,Apple Barn Winery,Viñedos con bodegas,https://www.tripadvisor.com.ar/Attraction_Review-g55328-d1070778-Reviews-Apple_Barn_Winery-Sevierville_Tennessee.html,East South Central
147,TN,John Seigenthaler Pedestrian Bridge,Puentes,https://www.tripadvisor.com.ar/Attraction_Review-g55229-d10533133-Reviews-John_Seigenthaler_Pedestrian_Bridge-Nashville_Davidson_County_Tennessee.html,East South Central
148,TN,Oconaluftee Visitor Center,Centros de información turística,https://www.tripadvisor.com.ar/Attraction_Review-g143031-d2268328-Reviews-Oconaluftee_Visitor_Center-Great_Smoky_Mountains_National_Park_Tennessee.html,East South Central
149,TN,Point Park - Lookout Mountain Battlefields,Campos de batalla,https://www.tripadvisor.com.ar/Attraction_Review-g55165-d269209-Reviews-Point_Park_Lookout_Mountain_Battlefields-Lookout_Mountain_Tennessee.html,East South Central
150,TN,Bootleggers Homemade Wine,Viñedos con bodegas,https://www.tripadvisor.com.ar/Attraction_Review-g60842-d2208909-Reviews-Bootleggers_Homemade_Wine-Gatlinburg_Tennessee.html,East South Central
151,TN,"Ocoee Outdoors, Inc.",Masas de agua,https://www.tripadvisor.com.ar/Attraction_Review-g55247-d1108997-Reviews-Ocoee_Outdoors_Inc-Ocoee_Tennessee.html,East South Central
152,TN,Fowler's Clay Works,Galerías de arte,https://www.tripadvisor.com.ar/Attraction_Review-g60842-d8431583-Reviews-Fowler_s_Clay_Works-Gatlinburg_Tennessee.html,East South Central
153,TN,Athena Statue,Monumentos y estatuas,https://www.tripadvisor.com.ar/Attraction_Review-g55229-d558651-Reviews-Athena_Statue-Nashville_Davidson_County_Tennessee.html,East South Central
154,TN,Foothills Parkway,Rutas turísticas,https://www.tripadvisor.com.ar/Attraction_Review-g143031-d3320053-Reviews-Foothills_Parkway-Great_Smoky_Mountains_National_Park_Tennessee.html,East South Central
155,TN,Cummins Falls State Park,Parques estatales,https://www.tripadvisor.com.ar/Attraction_Review-g54971-d3427574-Reviews-Cummins_Falls_State_Park-Cookeville_Tennessee.html,East South Central
156,TN,Cumberland Caverns,Cavernas y cuevas,https://www.tripadvisor.com.ar/Attraction_Review-g55193-d546877-Reviews-Cumberland_Caverns-McMinnville_Tennessee.html,East South Central
157,TN,SkyBridge,"Monumentos y lugares de interés, Puentes",https://www.tripadvisor.com.ar/Attraction_Review-g60842-d17852753-Reviews-SkyBridge-Gatlinburg_Tennessee.html,East South Central
158,TN,Shelby Farms Park,Parques,https://www.tripadvisor.com.ar/Attraction_Review-g55197-d3188112-Reviews-Shelby_Farms_Park-Memphis_Tennessee.html,East South Central
159,TN,The Great Smoky Mountain Wheel,Monumentos y lugares de interés,https://www.tripadvisor.com.ar/Attraction_Review-g55270-d4513336-Reviews-The_Great_Smoky_Mountain_Wheel-Pigeon_Forge_Tennessee.html,East South Central
160,TN,Salt and Pepper Shaker Museum,"Tiendas de regalos, Museos especializados",https://www.tripadvisor.com.ar/Attraction_Review-g60842-d1458613-Reviews-Salt_and_Pepper_Shaker_Museum-Gatlinburg_Tennessee.html,East South Central
161,TN,Alum Cave Trail,Rutas para senderismo,https://www.tripadvisor.com.ar/Attraction_Review-g143031-d145151-Reviews-Alum_Cave_Trail-Great_Smoky_Mountains_National_Park_Tennessee.html,East South Central
162,TN,Slave Haven / Burkle Estate Museum,"Lugares históricos, Museos de historia",https://www.tripadvisor.com.ar/Attraction_Review-g55197-d108044-Reviews-Slave_Haven_Burkle_Estate_Museum-Memphis_Tennessee.html,East South Central
163,TN,Sugarlands Visitors Center,Centros de información turística,https://www.tripadvisor.com.ar/Attraction_Review-g143031-d145146-Reviews-Sugarlands_Visitors_Center-Great_Smoky_Mountains_National_Park_Tennessee.html,East South Central
164,TN,Stones River National Battlefield,"Centros de información turística, Campos de batalla",https://www.tripadvisor.com.ar/Attraction_Review-g60970-d277911-Reviews-Stones_River_National_Battlefield-Murfreesboro_Tennessee.html,East South Central
165,TN,Wild Gals Old Time Photo,Centros de juego y entretenimiento,https://www.tripadvisor.com.ar/Attraction_Review-g55270-d5776833-Reviews-Wild_Gals_Old_Time_Photo-Pigeon_Forge_Tennessee.html,East South Central
166,TN,Tennessee Legend Distillery,Destilerías,https://www.tripadvisor.com.ar/Attraction_Review-g55229-d14980937-Reviews-Tennessee_Legend_Distillery-Nashville_Davidson_County_Tennessee.html,East South Central
167,TN,Museum of Appalachia,Museos de historia,https://www.tripadvisor.com.ar/Attraction_Review-g54958-d534819-Reviews-Museum_of_Appalachia-Clinton_Tennessee.html,East South Central
168,TN,American Museum of Science & Energy,"Museos de ciencia, Museos de historia",https://www.tripadvisor.com.ar/Attraction_Review-g55242-d599371-Reviews-American_Museum_of_Science_Energy-Oak_Ridge_Tennessee.html,East South Central
169,TN,The Comedy Barn,"Teatros, Clubes de comedia",https://www.tripadvisor.com.ar/Attraction_Review-g55270-d143732-Reviews-The_Comedy_Barn-Pigeon_Forge_Tennessee.html,East South Central
170,TN,SpeedZone Fun Park,"Pistas de carreras de automóviles, Centros de juego y entretenimiento",https://www.tripadvisor.com.ar/Attraction_Review-g55270-d1674343-Reviews-SpeedZone_Fun_Park-Pigeon_Forge_Tennessee.html,East South Central
171,TN,Knoxville Museum of Art,Museos de arte,https://www.tripadvisor.com.ar/Attraction_Review-g55138-d266190-Reviews-Knoxville_Museum_of_Art-Knoxville_Tennessee.html,East South Central
172,TN,Samuel T Bryant Distillery,Destilerías,https://www.tripadvisor.com.ar/Attraction_Review-g55123-d10990364-Reviews-Samuel_T_Bryant_Distillery-Jackson_Tennessee.html,East South Central
173,TN,Historic Brushy Mountain State Penitentiary,"Lugares históricos, Monumentos y lugares de interés",https://www.tripadvisor.com.ar/Attraction_Review-g55267-d14996376-Reviews-Historic_Brushy_Mountain_State_Penitentiary-Petros_Tennessee.html,East South Central
174,TN,Hillbilly Golf,Minigolf,https://www.tripadvisor.com.ar/Attraction_Review-g60842-d292825-Reviews-Hillbilly_Golf-Gatlinburg_Tennessee.html,East South Central
175,TN,Elkmont Winery,Viñedos con bodegas,https://www.tripadvisor.com.ar/Attraction_Review-g60842-d23474593-Reviews-Elkmont_Winery-Gatlinburg_Tennessee.html,East South Central
176,TN,Tennessee Brew Works,Cervecerías,https://www.tripadvisor.com.ar/Attraction_Review-g55229-d6385478-Reviews-Tennessee_Brew_Works-Nashville_Davidson_County_Tennessee.html,East South Central
177,TN,TopJump Trampoline & Extreme Arena,Centros de juego y entretenimiento,https://www.tripadvisor.com.ar/Attraction_Review-g55270-d9727686-Reviews-TopJump_Trampoline_Extreme_Arena-Pigeon_Forge_Tennessee.html,East South Central
178,TN,Conway Twitty Tribute by Travis James,Teatro y espectáculos,https://www.tripadvisor.com.ar/Attraction_Review-g55270-d12365756-Reviews-Conway_Twitty_Tribute_by_Travis_James-Pigeon_Forge_Tennessee.html,East South Central
