state_id,attraction,categories,reviews_url,region
AK,Mendenhall Glacier Visitor Center,"Centros de información turística, Formaciones geológicas",https://www.tripadvisor.com.ar/Attraction_Review-g31020-d105339-Reviews-Mendenhall_Glacier_Visitor_Center-Juneau_Alaska.html,West Pacific
AK,Fountainhead Antique Auto Museum,Museos especializados,https://www.tripadvisor.com.ar/Attraction_Review-g60826-d1465372-Reviews-Fountainhead_Antique_Auto_Museum-Fairbanks_Alaska.html,West Pacific
AK,Tracy Arm Fjord,Masas de agua,https://www.tripadvisor.com.ar/Attraction_Review-g31020-d630993-Reviews-Tracy_Arm_Fjord-Juneau_Alaska.html,West Pacific
AK,Alaska Wildlife Conservation Center,Áreas de naturaleza y vida silvestre,https://www.tripadvisor.com.ar/Attraction_Review-g31000-d483930-Reviews-Alaska_Wildlife_Conservation_Center-Girdwood_Anchorage_Alaska.html,West Pacific
AK,Denali,Montañas,https://www.tripadvisor.com.ar/Attraction_Review-g143022-d145106-Reviews-Denali-Denali_National_Park_and_Preserve_Alaska.html,West Pacific
AK,Glacier Bay National Park & Preserve,"Masas de agua, Parques nacionales",https://www.tripadvisor.com.ar/Attraction_Review-g143027-d537964-Reviews-Glacier_Bay_National_Park_Preserve-Glacier_Bay_National_Park_and_Preserve_Alaska.html,West Pacific
AK,Kenai Fjords National Park,Parques nacionales,https://www.tripadvisor.com.ar/Attraction_Review-g60873-d3377126-Reviews-Kenai_Fjords_National_Park-Seward_Alaska.html,West Pacific
AK,University of Alaska Museum of the North,"Galerías de arte, Museos de historia natural",https://www.tripadvisor.com.ar/Attraction_Review-g60826-d108911-Reviews-University_of_Alaska_Museum_of_the_North-Fairbanks_Alaska.html,West Pacific
AK,Hubbard Glacier,"Monumentos y lugares de interés, Formaciones geológicas",https://www.tripadvisor.com.ar/Attraction_Review-g28923-d269072-Reviews-Hubbard_Glacier-Alaska.html,West Pacific
AK,Husky Homestead,Áreas de naturaleza y vida silvestre,https://www.tripadvisor.com.ar/Attraction_Review-g143022-d1007841-Reviews-Husky_Homestead-Denali_National_Park_and_Preserve_Alaska.html,West Pacific
AK,Alaska SeaLife Center,"Áreas de naturaleza y vida silvestre, Acuarios",https://www.tripadvisor.com.ar/Attraction_Review-g60873-d523661-Reviews-Alaska_SeaLife_Center-Seward_Alaska.html,West Pacific
AK,Nugget Falls,Cascadas,https://www.tripadvisor.com.ar/Attraction_Review-g31020-d4071203-Reviews-Nugget_Falls-Juneau_Alaska.html,West Pacific
AK,Morris Thompson Cultural & Visitors Center,Centros de información turística,https://www.tripadvisor.com.ar/Attraction_Review-g60826-d1997299-Reviews-Morris_Thompson_Cultural_Visitors_Center-Fairbanks_Alaska.html,West Pacific
AK,Tony Knowles Coastal Trail,"Áreas históricas peatonales, Rutas para ciclismo",https://www.tripadvisor.com.ar/Attraction_Review-g60880-d144676-Reviews-Tony_Knowles_Coastal_Trail-Anchorage_Alaska.html,West Pacific
AK,Black Spruce Dog Sledding,"Más actividades al aire libre, Más ranchos y granjas",https://www.tripadvisor.com.ar/Attraction_Review-g60826-d4972561-Reviews-Black_Spruce_Dog_Sledding-Fairbanks_Alaska.html,West Pacific
AK,Sitka National Historic Park/Totem Park,"Parques estatales, Áreas históricas peatonales",https://www.tripadvisor.com.ar/Attraction_Review-g60966-d247666-Reviews-Sitka_National_Historic_Park_Totem_Park-Sitka_Alaska.html,West Pacific
AK,Creek Street,Áreas históricas peatonales,https://www.tripadvisor.com.ar/Attraction_Review-g31030-d106663-Reviews-Creek_Street-Ketchikan_Alaska.html,West Pacific
AK,Running Reindeer Ranch,"Granjas, Ranchos",https://www.tripadvisor.com.ar/Attraction_Review-g60826-d1965939-Reviews-Running_Reindeer_Ranch-Fairbanks_Alaska.html,West Pacific
AK,Alaska Raptor Center,Áreas de naturaleza y vida silvestre,https://www.tripadvisor.com.ar/Attraction_Review-g60966-d318101-Reviews-Alaska_Raptor_Center-Sitka_Alaska.html,West Pacific
AK,Mendenhall Glacier,"Monumentos y lugares de interés, Formaciones geológicas",https://www.tripadvisor.com.ar/Attraction_Review-g31020-d14078618-Reviews-Mendenhall_Glacier-Juneau_Alaska.html,West Pacific
AK,Alyeska Aerial Tram,Tranvías,https://www.tripadvisor.com.ar/Attraction_Review-g31000-d538145-Reviews-Alyeska_Aerial_Tram-Girdwood_Anchorage_Alaska.html,West Pacific
AK,Reindeer Farm,Granjas,https://www.tripadvisor.com.ar/Attraction_Review-g31086-d560544-Reviews-Reindeer_Farm-Palmer_Alaska.html,West Pacific
AK,Alaska Native Heritage Center,"Lugares históricos, Lugares educativos",https://www.tripadvisor.com.ar/Attraction_Review-g60880-d103028-Reviews-Alaska_Native_Heritage_Center-Anchorage_Alaska.html,West Pacific
AK,Alaska Rainforest Sanctuary,Áreas de naturaleza y vida silvestre,https://www.tripadvisor.com.ar/Attraction_Review-g31030-d577770-Reviews-Alaska_Rainforest_Sanctuary-Ketchikan_Alaska.html,West Pacific
AK,Resurrection Bay,Masas de agua,https://www.tripadvisor.com.ar/Attraction_Review-g60873-d103558-Reviews-Resurrection_Bay-Seward_Alaska.html,West Pacific
AK,Kroschel Films Wildlife Center,Áreas de naturaleza y vida silvestre,https://www.tripadvisor.com.ar/Attraction_Review-g31005-d1734294-Reviews-Kroschel_Films_Wildlife_Center-Haines_Alaska.html,West Pacific
AK,Denali National Park,Parques estatales,https://www.tripadvisor.com.ar/Attraction_Review-g28923-d144478-Reviews-Denali_National_Park-Alaska.html,West Pacific
AK,Matanuska Glacier,Formaciones geológicas,https://www.tripadvisor.com.ar/Attraction_Review-g28923-d103478-Reviews-Matanuska_Glacier-Alaska.html,West Pacific
AK,Exit Glacier,"Áreas de naturaleza y vida silvestre, Rutas para senderismo",https://www.tripadvisor.com.ar/Attraction_Review-g143039-d145138-Reviews-Exit_Glacier-Kenai_Fjords_National_Park_Alaska.html,West Pacific
AK,Denali Visitor Center,Centros de información turística,https://www.tripadvisor.com.ar/Attraction_Review-g143022-d613605-Reviews-Denali_Visitor_Center-Denali_National_Park_and_Preserve_Alaska.html,West Pacific
AK,Homer Spit,"Rutas para ciclismo, Playas",https://www.tripadvisor.com.ar/Attraction_Review-g31009-d276051-Reviews-Homer_Spit-Homer_Alaska.html,West Pacific
AK,Dean Homestead and Art Studios Tour and The Dean Gallery,"Galerías de arte, Granjas",https://www.tripadvisor.com.ar/Attraction_Review-g31009-d12728008-Reviews-Dean_Homestead_and_Art_Studios_Tour_and_The_Dean_Gallery-Homer_Alaska.html,West Pacific
AK,Juneau Tours & Whale Watch,"Tours en barco, Tours turísticos",https://www.tripadvisor.com.ar/Attraction_Review-g31020-d2471672-Reviews-Juneau_Tours_Whale_Watch-Juneau_Alaska.html,West Pacific
AK,Horseshoe Lake Trail,Rutas para senderismo,https://www.tripadvisor.com.ar/Attraction_Review-g143022-d10754414-Reviews-Horseshoe_Lake_Trail-Denali_National_Park_and_Preserve_Alaska.html,West Pacific
AK,Wilderness Express Train,Servicios de ferrocarril,https://www.tripadvisor.com.ar/Attraction_Review-g60880-d8682260-Reviews-Wilderness_Express_Train-Anchorage_Alaska.html,West Pacific
AK,Pablo Bicycle Rentals,Alquileres de equipos,https://www.tripadvisor.com.ar/Attraction_Review-g60880-d1171844-Reviews-Pablo_Bicycle_Rentals-Anchorage_Alaska.html,West Pacific
AK,Dean Homestead and Art Studios Tour and The Dean Gallery,"Galerías de arte, Granjas",https://www.tripadvisor.com.ar/Attraction_Review-g31009-d12728008-Reviews-Dean_Homestead_and_Art_Studios_Tour_and_The_Dean_Gallery-Homer_Alaska.html,West Pacific
AK,Juneau Tours & Whale Watch,"Tours en barco, Tours turísticos",https://www.tripadvisor.com.ar/Attraction_Review-g31020-d2471672-Reviews-Juneau_Tours_Whale_Watch-Juneau_Alaska.html,West Pacific
AK,Alaska Horse Adventures,Tours a caballo,https://www.tripadvisor.com.ar/Attraction_Review-g31086-d6754054-Reviews-Alaska_Horse_Adventures-Palmer_Alaska.html,West Pacific
AK,Major Marine Tours - Kenai Fjords Cruise,"Tours en barco, Avistamiento de delfines y ballenas",https://www.tripadvisor.com.ar/Attraction_Review-g60873-d1028252-Reviews-Major_Marine_Tours_Kenai_Fjords_Cruise-Seward_Alaska.html,West Pacific
AK,Antler Arch,Monumentos y lugares de interés,https://www.tripadvisor.com.ar/Attraction_Review-g60826-d11548198-Reviews-Antler_Arch-Fairbanks_Alaska.html,West Pacific
AK,PicTours Alaska,"Tours ecológicos, Tours turísticos",https://www.tripadvisor.com.ar/Attraction_Review-g60880-d12105061-Reviews-PicTours_Alaska-Anchorage_Alaska.html,West Pacific
AK,Phillips Cruises and Tours,"Tours en barco, Tours turísticos",https://www.tripadvisor.com.ar/Attraction_Review-g31163-d620726-Reviews-Phillips_Cruises_and_Tours-Whittier_Alaska.html,West Pacific
AK,Rust's Flying Service,"Tours turísticos, Tours aéreos",https://www.tripadvisor.com.ar/Attraction_Review-g60880-d559243-Reviews-Rust_s_Flying_Service-Anchorage_Alaska.html,West Pacific
AK,Alaska Tour & Travel,"Tours turísticos, Tours de naturaleza y vida silvestre",https://www.tripadvisor.com.ar/Attraction_Review-g60880-d2402719-Reviews-Alaska_Tour_Travel-Anchorage_Alaska.html,West Pacific
AK,Alaska Cruise Transportation - ACT,Tours turísticos,https://www.tripadvisor.com.ar/Attraction_Review-g60880-d1818709-Reviews-Alaska_Cruise_Transportation_ACT-Anchorage_Alaska.html,West Pacific
AK,Rod's Alaskan Guide Service,"Tours de esquí y de nieve, Excursiones de pesca",https://www.tripadvisor.com.ar/Attraction_Review-g60826-d9866592-Reviews-Rod_s_Alaskan_Guide_Service-Fairbanks_Alaska.html,West Pacific
AK,1st Alaska Tours,"Tours por la ciudad, Tours de naturaleza y vida silvestre",https://www.tripadvisor.com.ar/Attraction_Review-g60826-d2042144-Reviews-1st_Alaska_Tours-Fairbanks_Alaska.html,West Pacific
AK,Northern Alaska Tour Company,"Tours turísticos, Tours de naturaleza y vida silvestre",https://www.tripadvisor.com.ar/Attraction_Review-g60826-d677430-Reviews-Northern_Alaska_Tour_Company-Fairbanks_Alaska.html,West Pacific
AK,Chilkoot Charters & Tours,Tours turísticos,https://www.tripadvisor.com.ar/Attraction_Review-g60877-d1556687-Reviews-Chilkoot_Charters_Tours-Skagway_Alaska.html,West Pacific
AK,Alaska Icefield Expeditions,Tours turísticos,https://www.tripadvisor.com.ar/Attraction_Review-g31020-d1772172-Reviews-Alaska_Icefield_Expeditions-Juneau_Alaska.html,West Pacific
AK,Fly Denali,Tours aéreos,https://www.tripadvisor.com.ar/Attraction_Review-g31007-d2219098-Reviews-Fly_Denali-Healy_Denali_National_Park_and_Preserve_Alaska.html,West Pacific
AK,Gold Rush Dog Sled Tours,"Tours de excursionismo y campamentos, Tours de naturaleza y vida silvestre",https://www.tripadvisor.com.ar/Attraction_Review-g31020-d1767201-Reviews-Gold_Rush_Dog_Sled_Tours-Juneau_Alaska.html,West Pacific
AK,Liquid Adventures,"Tours en barco, Deportes acuáticos",https://www.tripadvisor.com.ar/Attraction_Review-g60873-d813131-Reviews-Liquid_Adventures-Seward_Alaska.html,West Pacific
AK,The Aurora Chasers,"Tours nocturnos, Tours fotográficos",https://www.tripadvisor.com.ar/Attraction_Review-g60826-d4793388-Reviews-The_Aurora_Chasers-Fairbanks_Alaska.html,West Pacific
AK,St. Elias Alpine Guides,"Rafting y nado con salvavidas en el río, Tours históricos",https://www.tripadvisor.com.ar/Attraction_Review-g780602-d1632874-Reviews-St_Elias_Alpine_Guides-McCarthy_Wrangell_St_Elias_National_Park_and_Preserve_Alas.html,West Pacific
AK,Adventure Sixty North,"Tours en helicóptero, Tours a pie",https://www.tripadvisor.com.ar/Attraction_Review-g60873-d951051-Reviews-Adventure_Sixty_North-Seward_Alaska.html,West Pacific
AK,Nova Alaska Guides,"Tours de varios días, Rafting y nado con salvavidas en el río",https://www.tripadvisor.com.ar/Attraction_Review-g1655683-d1837761-Reviews-Nova_Alaska_Guides-Glacier_View_Alaska.html,West Pacific
AK,Knik Glacier Tours,Tours de naturaleza y vida silvestre,https://www.tripadvisor.com.ar/Attraction_Review-g31086-d1872124-Reviews-Knik_Glacier_Tours-Palmer_Alaska.html,West Pacific
AK,Alaska Fjordlines,Tours turísticos,https://www.tripadvisor.com.ar/Attraction_Review-g60877-d1728556-Reviews-Alaska_Fjordlines-Skagway_Alaska.html,West Pacific
AK,Cpt. Gary's Sitka Adventures,"Tours en barco, Tours ecológicos",https://www.tripadvisor.com.ar/Attraction_Review-g60966-d13447169-Reviews-Cpt_Gary_s_Sitka_Adventures-Sitka_Alaska.html,West Pacific
AK,"Emerald Air Service, Inc.",Tours aéreos,https://www.tripadvisor.com.ar/Attraction_Review-g31009-d1027576-Reviews-Emerald_Air_Service_Inc-Homer_Alaska.html,West Pacific
AK,Pangaea Adventures Day Tours,"Rafting y nado con salvavidas en el río, Alquileres de equipos",https://www.tripadvisor.com.ar/Attraction_Review-g31156-d2179796-Reviews-Pangaea_Adventures_Day_Tours-Valdez_Alaska.html,West Pacific
AK,Icy Strait Point ZipRider,Tirolesa y parques de aventuras aéreas,https://www.tripadvisor.com.ar/Attraction_Review-g31010-d671717-Reviews-Icy_Strait_Point_ZipRider-Hoonah_Alaska.html,West Pacific
HI,Hawaii Volcanoes National Park,Volcanes,https://www.tripadvisor.com.ar/Attraction_Review-g143034-d1603722-Reviews-Hawaii_Volcanoes_National_Park-Hawaii_Volcanoes_National_Park_Island_of_Hawaii_Ha.html,West Pacific
HI,Mauna Kea Summit,Montañas,https://www.tripadvisor.com.ar/Attraction_Review-g60872-d146754-Reviews-Mauna_Kea_Summit-Kailua_Kona_Island_of_Hawaii_Hawaii.html,West Pacific
HI,Akaka Falls State Park,"Parques estatales, Cascadas",https://www.tripadvisor.com.ar/Attraction_Review-g60583-d146748-Reviews-Akaka_Falls_State_Park-Hilo_Island_of_Hawaii_Hawaii.html,West Pacific
HI,Hawaii Tropical Bioreserve and Garden,"Áreas de naturaleza y vida silvestre, Jardines",https://www.tripadvisor.com.ar/Attraction_Review-g60605-d284708-Reviews-Hawaii_Tropical_Bioreserve_and_Garden-Papaikou_Island_of_Hawaii_Hawaii.html,West Pacific
HI,Hawaiian Vanilla Company,Jardines,https://www.tripadvisor.com.ar/Attraction_Review-g60601-d1872128-Reviews-Hawaiian_Vanilla_Company-Paauilo_Island_of_Hawaii_Hawaii.html,West Pacific
HI,Hapuna Beach State Recreation Area,"Parques estatales, Playas",https://www.tripadvisor.com.ar/Attraction_Review-g2312116-d154307-Reviews-Hapuna_Beach_State_Recreation_Area-Puako_Kohala_Coast_Island_of_Hawaii_Hawaii.html,West Pacific
HI,Kilauea Iki Trail,Rutas para senderismo,https://www.tripadvisor.com.ar/Attraction_Review-g143034-d131308-Reviews-Kilauea_Iki_Trail-Hawaii_Volcanoes_National_Park_Island_of_Hawaii_Hawaii.html,West Pacific
HI,Manini'owali Beach (Kua Bay),Playas,https://www.tripadvisor.com.ar/Attraction_Review-g60872-d622557-Reviews-Manini_owali_Beach_Kua_Bay-Kailua_Kona_Island_of_Hawaii_Hawaii.html,West Pacific
HI,Pu'uhonua O Honaunau National Historical Park,"Lugares históricos, Parques nacionales",https://www.tripadvisor.com.ar/Attraction_Review-g60941-d108277-Reviews-Pu_uhonua_O_Honaunau_National_Historical_Park-Honaunau_Island_of_Hawaii_Hawaii.html,West Pacific
HI,Heavenly Hawaiian Kona Coffee Farm Tours & Konalani Coffee Bar,Granjas,https://www.tripadvisor.com.ar/Attraction_Review-g60584-d2389221-Reviews-Heavenly_Hawaiian_Kona_Coffee_Farm_Tours_Konalani_Coffee_Bar-Holualoa_Island_of_Ha.html,West Pacific
HI,Punalu'u Black Sand beach,"Parques estatales, Playas",https://www.tripadvisor.com.ar/Attraction_Review-g60602-d109631-Reviews-Punalu_u_Black_Sand_beach-Pahala_Island_of_Hawaii_Hawaii.html,West Pacific
HI,Saddle Road,"Monumentos y lugares de interés, Rutas turísticas",https://www.tripadvisor.com.ar/Attraction_Review-g60872-d146753-Reviews-Saddle_Road-Kailua_Kona_Island_of_Hawaii_Hawaii.html,West Pacific
HI,Pololu Valley Lookout,"Miradores, Valles",https://www.tripadvisor.com.ar/Attraction_Review-g29217-d146165-Reviews-Pololu_Valley_Lookout-Island_of_Hawaii_Hawaii.html,West Pacific
HI,The Vanillerie,Granjas,https://www.tripadvisor.com.ar/Attraction_Review-g60872-d12962487-Reviews-The_Vanillerie-Kailua_Kona_Island_of_Hawaii_Hawaii.html,West Pacific
HI,Rainbow Falls,Cascadas,https://www.tripadvisor.com.ar/Attraction_Review-g60583-d131290-Reviews-Rainbow_Falls-Hilo_Island_of_Hawaii_Hawaii.html,West Pacific
HI,Kona Cloud Forest Sanctuary,Áreas de naturaleza y vida silvestre,https://www.tripadvisor.com.ar/Attraction_Review-g60872-d7099594-Reviews-Kona_Cloud_Forest_Sanctuary-Kailua_Kona_Island_of_Hawaii_Hawaii.html,West Pacific
HI,South Point (Ka Lae) y Green Sand Beach,Playas,https://www.tripadvisor.com.ar/Attraction_Review-g60596-d146751-Reviews-Papakolea_Green_Sand_Beach-Naalehu_Island_of_Hawaii_Hawaii.html,West Pacific
HI,Kilauea,Volcanes,https://www.tripadvisor.com.ar/Attraction_Review-g143034-d208735-Reviews-Kilauea-Hawaii_Volcanoes_National_Park_Island_of_Hawaii_Hawaii.html,West Pacific
HI,Kealakekua Bay,"Lugares históricos, Masas de agua",https://www.tripadvisor.com.ar/Attraction_Review-g60580-d109549-Reviews-Kealakekua_Bay-Captain_Cook_Island_of_Hawaii_Hawaii.html,West Pacific
HI,Ocean Rider Seahorse Farm,Acuarios,https://www.tripadvisor.com.ar/Attraction_Review-g60872-d607957-Reviews-Ocean_Rider_Seahorse_Farm-Kailua_Kona_Island_of_Hawaii_Hawaii.html,West Pacific
HI,Liliuokalani Gardens,Jardines,https://www.tripadvisor.com.ar/Attraction_Review-g60583-d641069-Reviews-Liliuokalani_Gardens-Hilo_Island_of_Hawaii_Hawaii.html,West Pacific
HI,Kaloko-Honokohau National Historical Park,Parques nacionales,https://www.tripadvisor.com.ar/Attraction_Review-g60872-d560882-Reviews-Kaloko_Honokohau_National_Historical_Park-Kailua_Kona_Island_of_Hawaii_Hawaii.html,West Pacific
HI,Mauna Kea Beach,Playas,https://www.tripadvisor.com.ar/Attraction_Review-g29217-d105309-Reviews-Mauna_Kea_Beach-Island_of_Hawaii_Hawaii.html,West Pacific
HI,Nahuku - Thurston Lava Tube,Formaciones geológicas,https://www.tripadvisor.com.ar/Attraction_Review-g143034-d108754-Reviews-Nahuku_Thurston_Lava_Tube-Hawaii_Volcanoes_National_Park_Island_of_Hawaii_Hawaii.html,West Pacific
HI,Kula Kai Caverns,"Cavernas y cuevas, Formaciones geológicas",https://www.tripadvisor.com.ar/Attraction_Review-g60598-d534548-Reviews-Kula_Kai_Caverns-Ocean_View_Island_of_Hawaii_Hawaii.html,West Pacific
HI,Hawaii Volcanoes National Park,Volcanes,https://www.tripadvisor.com.ar/Attraction_Review-g143034-d1603722-Reviews-Hawaii_Volcanoes_National_Park-Hawaii_Volcanoes_National_Park_Island_of_Hawaii_Ha.html,West Pacific
HI,Mauna Kea Summit,Montañas,https://www.tripadvisor.com.ar/Attraction_Review-g60872-d146754-Reviews-Mauna_Kea_Summit-Kailua_Kona_Island_of_Hawaii_Hawaii.html,West Pacific
HI,Akaka Falls State Park,"Parques estatales, Cascadas",https://www.tripadvisor.com.ar/Attraction_Review-g60583-d146748-Reviews-Akaka_Falls_State_Park-Hilo_Island_of_Hawaii_Hawaii.html,West Pacific
HI,Hawaii Tropical Bioreserve and Garden,"Áreas de naturaleza y vida silvestre, Jardines",https://www.tripadvisor.com.ar/Attraction_Review-g60605-d284708-Reviews-Hawaii_Tropical_Bioreserve_and_Garden-Papaikou_Island_of_Hawaii_Hawaii.html,West Pacific
HI,Hawaiian Vanilla Company,Jardines,https://www.tripadvisor.com.ar/Attraction_Review-g60601-d1872128-Reviews-Hawaiian_Vanilla_Company-Paauilo_Island_of_Hawaii_Hawaii.html,West Pacific
HI,Hilo Farmers Market,Mercados de agricultores,https://www.tripadvisor.com.ar/Attraction_Review-g60583-d531851-Reviews-Hilo_Farmers_Market-Hilo_Island_of_Hawaii_Hawaii.html,West Pacific
HI,Greenwell Farms,"Tiendas de regalos, Granjas",https://www.tripadvisor.com.ar/Attraction_Review-g60591-d258738-Reviews-Greenwell_Farms-Kealakekua_Island_of_Hawaii_Hawaii.html,West Pacific
HI,Chain of Craters Road,Rutas turísticas,https://www.tripadvisor.com.ar/Attraction_Review-g29217-d108928-Reviews-Chain_of_Craters_Road-Island_of_Hawaii_Hawaii.html,West Pacific
HI,Kona Coffee Living History Farm,"Granjas, Museos de historia",https://www.tripadvisor.com.ar/Attraction_Review-g60580-d258737-Reviews-Kona_Coffee_Living_History_Farm-Captain_Cook_Island_of_Hawaii_Hawaii.html,West Pacific
HI,Hulihe'e Palace,"Lugares históricos, Museos de historia",https://www.tripadvisor.com.ar/Attraction_Review-g60872-d146739-Reviews-Hulihe_e_Palace-Kailua_Kona_Island_of_Hawaii_Hawaii.html,West Pacific
HI,Kaumana Caves Park,Cavernas y cuevas,https://www.tripadvisor.com.ar/Attraction_Review-g60583-d1989323-Reviews-Kaumana_Caves_Park-Hilo_Island_of_Hawaii_Hawaii.html,West Pacific
HI,Richardson Beach Park,Playas,https://www.tripadvisor.com.ar/Attraction_Review-g60583-d2578450-Reviews-Richardson_Beach_Park-Hilo_Island_of_Hawaii_Hawaii.html,West Pacific
HI,Lyman Museum,Museos especializados,https://www.tripadvisor.com.ar/Attraction_Review-g60583-d154338-Reviews-Lyman_Museum-Hilo_Island_of_Hawaii_Hawaii.html,West Pacific
HI,Carlsmith Beach Park,"Playas, Parques",https://www.tripadvisor.com.ar/Attraction_Review-g60583-d9776183-Reviews-Carlsmith_Beach_Park-Hilo_Island_of_Hawaii_Hawaii.html,West Pacific
HI,The Painted Church,"Lugares históricos, Lugares religiosos",https://www.tripadvisor.com.ar/Attraction_Review-g60580-d534514-Reviews-The_Painted_Church-Captain_Cook_Island_of_Hawaii_Hawaii.html,West Pacific
HI,Pacific Tsunami Museum,Museos especializados,https://www.tripadvisor.com.ar/Attraction_Review-g60583-d187021-Reviews-Pacific_Tsunami_Museum-Hilo_Island_of_Hawaii_Hawaii.html,West Pacific
HI,Ola Brew,Cervecerías,https://www.tripadvisor.com.ar/Attraction_Review-g60872-d13368863-Reviews-Ola_Brew-Kailua_Kona_Island_of_Hawaii_Hawaii.html,West Pacific
HI,Hala Tree Coffee,"Tiendas de regalos, Granjas",https://www.tripadvisor.com.ar/Attraction_Review-g60580-d7305666-Reviews-Hala_Tree_Coffee-Captain_Cook_Island_of_Hawaii_Hawaii.html,West Pacific
HI,Paniolo Adventures,Tours a caballo,https://www.tripadvisor.com.ar/Attraction_Review-g29217-d1158945-Reviews-Paniolo_Adventures-Island_of_Hawaii_Hawaii.html,West Pacific
HI,Kona Joe Coffee,"Tiendas de regalos, Granjas",https://www.tripadvisor.com.ar/Attraction_Review-g60591-d1193111-Reviews-Kona_Joe_Coffee-Kealakekua_Island_of_Hawaii_Hawaii.html,West Pacific
HI,South Point Complex,"Monumentos y lugares de interés, Áreas de naturaleza y vida silvestre",https://www.tripadvisor.com.ar/Attraction_Review-g60596-d14892444-Reviews-South_Point_Complex-Naalehu_Island_of_Hawaii_Hawaii.html,West Pacific
HI,Magical Creatures Sanctuary,Áreas de naturaleza y vida silvestre,https://www.tripadvisor.com.ar/Attraction_Review-g60594-d21285408-Reviews-Magical_Creatures_Sanctuary-Laupahoehoe_Island_of_Hawaii_Hawaii.html,West Pacific
HI,Island Breeze Luau,"Teatros donde se puede cenar, Luaus",https://www.tripadvisor.com.ar/Attraction_Review-g60872-d577256-Reviews-Island_Breeze_Luau-Kailua_Kona_Island_of_Hawaii_Hawaii.html,West Pacific
HI,Hawaii Forest and Trail,"Tours históricos, Tirolesa y parques de aventuras aéreas",https://www.tripadvisor.com.ar/Attraction_Review-g60872-d218919-Reviews-Hawaii_Forest_and_Trail-Kailua_Kona_Island_of_Hawaii_Hawaii.html,West Pacific
HI,Wasabi Tours Hawaii,"Tours ecológicos, Tours turísticos",https://www.tripadvisor.com.ar/Attraction_Review-g60872-d4173709-Reviews-Wasabi_Tours_Hawaii-Kailua_Kona_Island_of_Hawaii_Hawaii.html,West Pacific
HI,Fair Wind Big Island Ocean Guides,"Tours culturales, Buceo y esnórquel",https://www.tripadvisor.com.ar/Attraction_Review-g60872-d633938-Reviews-Fair_Wind_Big_Island_Ocean_Guides-Kailua_Kona_Island_of_Hawaii_Hawaii.html,West Pacific
HI,The Umauma Experience,Tirolesa y parques de aventuras aéreas,https://www.tripadvisor.com.ar/Attraction_Review-g60581-d2005093-Reviews-The_Umauma_Experience-Hakalau_Island_of_Hawaii_Hawaii.html,West Pacific
HI,Dolphin Discoveries,"Buceo y esnórquel, Tours en barco",https://www.tripadvisor.com.ar/Attraction_Review-g60872-d560493-Reviews-Dolphin_Discoveries-Kailua_Kona_Island_of_Hawaii_Hawaii.html,West Pacific
HI,Kona Ocean Adventures,"Buceo y esnórquel, Nado con delfines",https://www.tripadvisor.com.ar/Attraction_Review-g60872-d2413016-Reviews-Kona_Ocean_Adventures-Kailua_Kona_Island_of_Hawaii_Hawaii.html,West Pacific
HI,Kona Boys,"Surf y windsurf, Alquileres de equipos",https://www.tripadvisor.com.ar/Attraction_Review-g60591-d878481-Reviews-Kona_Boys-Kealakekua_Island_of_Hawaii_Hawaii.html,West Pacific
HI,Paniolo BBQ Dinner At Kahua Ranch,"Luaus, Ranchos",https://www.tripadvisor.com.ar/Attraction_Review-g60588-d23474628-Reviews-Paniolo_BBQ_Dinner_At_Kahua_Ranch-Waimea_Island_of_Hawaii_Hawaii.html,West Pacific
HI,Kona Style,"Buceo y esnórquel, Tours en barco",https://www.tripadvisor.com.ar/Attraction_Review-g60872-d6936800-Reviews-Kona_Style-Kailua_Kona_Island_of_Hawaii_Hawaii.html,West Pacific
HI,Hawaii Island & Ocean Tours,"Buceo y esnórquel, Tours en barco",https://www.tripadvisor.com.ar/Attraction_Review-g60872-d4040348-Reviews-Hawaii_Island_Ocean_Tours-Kailua_Kona_Island_of_Hawaii_Hawaii.html,West Pacific
HI,Captain Zodiac Raft Expeditions,"Buceo y esnórquel, Tours en barco",https://www.tripadvisor.com.ar/Attraction_Review-g60872-d1119518-Reviews-Captain_Zodiac_Raft_Expeditions-Kailua_Kona_Island_of_Hawaii_Hawaii.html,West Pacific
HI,Manta Ray Dives of Hawaii,"Buceo y esnórquel, Tours en barco",https://www.tripadvisor.com.ar/Attraction_Review-g60872-d2238456-Reviews-Manta_Ray_Dives_of_Hawaii-Kailua_Kona_Island_of_Hawaii_Hawaii.html,West Pacific
HI,Blue Hawaiian Helicopters - Waikoloa,"Tours en helicóptero, Tours privados",https://www.tripadvisor.com.ar/Attraction_Review-g60608-d1627325-Reviews-Blue_Hawaiian_Helicopters_Waikoloa-Waikoloa_Kohala_Coast_Island_of_Hawaii_Hawaii.html,West Pacific
HI,Botanical World Adventures,"Tours en Segway, Tirolesa y parques de aventuras aéreas",https://www.tripadvisor.com.ar/Attraction_Review-g60581-d486997-Reviews-Botanical_World_Adventures-Hakalau_Island_of_Hawaii_Hawaii.html,West Pacific
HI,Mauna Kea Oceanfront Luau,Luaus,https://www.tripadvisor.com.ar/Attraction_Review-g29217-d653028-Reviews-Mauna_Kea_Oceanfront_Luau-Island_of_Hawaii_Hawaii.html,West Pacific
HI,Ehu & Kai Adventures,"Buceo y esnórquel, Surf de remo",https://www.tripadvisor.com.ar/Attraction_Review-g60591-d7645587-Reviews-Ehu_Kai_Adventures-Kealakekua_Island_of_Hawaii_Hawaii.html,West Pacific
HI,C Big Island Tours,"Tours culturales, Tours históricos",https://www.tripadvisor.com.ar/Attraction_Review-g60583-d1830964-Reviews-C_Big_Island_Tours-Hilo_Island_of_Hawaii_Hawaii.html,West Pacific
HI,Kona Honu Divers,Buceo y esnórquel,https://www.tripadvisor.com.ar/Attraction_Review-g60872-d1059060-Reviews-Kona_Honu_Divers-Kailua_Kona_Island_of_Hawaii_Hawaii.html,West Pacific
HI,Waikoloa Beach Marriott Sunset Luau,Luaus,https://www.tripadvisor.com.ar/Attraction_Review-g60608-d590376-Reviews-Waikoloa_Beach_Marriott_Sunset_Luau-Waikoloa_Kohala_Coast_Island_of_Hawaii_Hawaii.html,West Pacific
CA,Alcatraz,"Lugares históricos, Islas",https://www.tripadvisor.com.ar/Attraction_Review-g60713-d102523-Reviews-Alcatraz_Island-San_Francisco_California.html,West Pacific
CA,Puente Golden Gate,"Lugares históricos, Monumentos y lugares de interés",https://www.tripadvisor.com.ar/Attraction_Review-g60713-d104675-Reviews-Golden_Gate_Bridge-San_Francisco_California.html,West Pacific
CA,Museo del USS Midway,Museos especializados,https://www.tripadvisor.com.ar/Attraction_Review-g60750-d531819-Reviews-USS_Midway_Museum-San_Diego_California.html,West Pacific
CA,San Diego Zoo,Zoológicos,https://www.tripadvisor.com.ar/Attraction_Review-g60750-d104122-Reviews-San_Diego_Zoo-San_Diego_California.html,West Pacific
CA,Observatorio Griffith,Observatorios y planetarios,https://www.tripadvisor.com.ar/Attraction_Review-g32655-d116887-Reviews-Griffith_Observatory-Los_Angeles_California.html,West Pacific
CA,Centro Getty,Museos especializados,https://www.tripadvisor.com.ar/Attraction_Review-g32655-d147966-Reviews-The_Getty_Center-Los_Angeles_California.html,West Pacific
CA,La Jolla Cove,"Playas, Parques",https://www.tripadvisor.com.ar/Attraction_Review-g32578-d255307-Reviews-La_Jolla_Cove-La_Jolla_San_Diego_California.html,West Pacific
CA,Cable Cars,Tranvías,https://www.tripadvisor.com.ar/Attraction_Review-g60713-d104821-Reviews-Cable_Cars-San_Francisco_California.html,West Pacific
CA,Parque Disneylandia,Parques de diversión y temáticos,https://www.tripadvisor.com.ar/Attraction_Review-g29092-d103346-Reviews-Disneyland_Park-Anaheim_California.html,West Pacific
CA,Parque Balboa,"Parques, Jardines",https://www.tripadvisor.com.ar/Attraction_Review-g60750-d102782-Reviews-Balboa_Park-San_Diego_California.html,West Pacific
CA,Pier 39,"Monumentos y lugares de interés, Muelles y paseos peatonales",https://www.tripadvisor.com.ar/Attraction_Review-g60713-d102779-Reviews-Pier_39-San_Francisco_California.html,West Pacific
CA,Monterey Bay Aquarium,Acuarios,https://www.tripadvisor.com.ar/Attraction_Review-g32737-d104804-Reviews-Monterey_Bay_Aquarium-Monterey_Monterey_County_California.html,West Pacific
CA,Lombard Street,"Monumentos y lugares de interés, Áreas peatonales pintorescas",https://www.tripadvisor.com.ar/Attraction_Review-g60713-d106232-Reviews-Lombard_Street-San_Francisco_California.html,West Pacific
CA,17-Mile Drive,Rutas turísticas,https://www.tripadvisor.com.ar/Attraction_Review-g32737-d146192-Reviews-17_Mile_Drive-Monterey_Monterey_County_California.html,West Pacific
CA,Santa Monica Pier,"Monumentos y lugares de interés, Áreas históricas peatonales",https://www.tripadvisor.com.ar/Attraction_Review-g33052-d104238-Reviews-Santa_Monica_Pier-Santa_Monica_California.html,West Pacific
CA,Point Lobos,Parques estatales,https://www.tripadvisor.com.ar/Attraction_Review-g32172-d102545-Reviews-Point_Lobos-Carmel_Monterey_County_California.html,West Pacific
CA,Tahoe Snowshoe Tours,"Tours de esquí y de nieve, Tours ecológicos",https://www.tripadvisor.com.ar/Attraction_Review-g45956-d13231880-Reviews-Tahoe_Snowshoe_Tours-Incline_Village_Lake_Tahoe_Nevada_Nevada.html,West Pacific
CA,Tahoe Paddle Sports,"Taxis y otros servicios de traslado, Tours en barco",https://www.tripadvisor.com.ar/Attraction_Review-g46004-d17396189-Reviews-Tahoe_Paddle_Sports-Stateline_Lake_Tahoe_Nevada_Nevada.html,West Pacific
CA,Dante's View,Miradores,https://www.tripadvisor.com.ar/Attraction_Review-g143021-d531585-Reviews-Dante_s_View-Death_Valley_National_Park_Inyo_County_California.html,West Pacific
CA,Gracianna Winery,Viñedos con bodegas,https://www.tripadvisor.com.ar/Attraction_Review-g32482-d3367820-Reviews-Gracianna_Winery-Healdsburg_Sonoma_County_California.html,West Pacific
CA,Armstrong Redwood State Reserve,"Parques estatales, Áreas de naturaleza y vida silvestre",https://www.tripadvisor.com.ar/Attraction_Review-g32465-d116914-Reviews-Armstrong_Redwood_State_Reserve-Guerneville_Sonoma_County_California.html,West Pacific
CA,Jedediah Smith Redwoods State Park,Parques estatales,https://www.tripadvisor.com.ar/Attraction_Review-g60944-d116853-Reviews-Jedediah_Smith_Redwoods_State_Park-Crescent_City_California.html,West Pacific
CA,Redwood National Park,"Parques estatales, Parques nacionales",https://www.tripadvisor.com.ar/Attraction_Review-g2193168-d210214-Reviews-Redwood_National_Park-Redwood_National_Park_California.html,West Pacific
CA,Avenue of the Giants,Rutas turísticas,https://www.tripadvisor.com.ar/Attraction_Review-g7380863-d270013-Reviews-Avenue_of_the_Giants-Humboldt_County_California.html,West Pacific
CA,Mendocino Coast Botanical Gardens,"Monumentos y lugares de interés, Jardines",https://www.tripadvisor.com.ar/Attraction_Review-g32400-d116919-Reviews-Mendocino_Coast_Botanical_Gardens-Fort_Bragg_Mendocino_County_California.html,West Pacific
CA,Speed Circuit & Family Fun Center,"Pistas de carreras de automóviles, Centros de juego y entretenimiento",https://www.tripadvisor.com.ar/Attraction_Review-g60750-d603312-Reviews-Speed_Circuit_Family_Fun_Center-San_Diego_California.html,West Pacific
CA,Alcatraz,"Lugares históricos, Islas",https://www.tripadvisor.com.ar/Attraction_Review-g60713-d102523-Reviews-Alcatraz_Island-San_Francisco_California.html,West Pacific
CA,"Templo de Oakland, California","Lugares históricos, Edificios con valor arquitectónico",https://www.tripadvisor.com.ar/Attraction_Review-g32810-d8405626-Reviews-Oakland_California_Temple_Visitors_Center-Oakland_California.html,West Pacific
CA,Pine Ridge Vineyards,Viñedos con bodegas,https://www.tripadvisor.com.ar/Attraction_Review-g32766-d107868-Reviews-Pine_Ridge_Vineyards-Napa_Napa_Valley_California.html,West Pacific
CA,Bhagavad-gita Diorama-Museum,Museos de arte,https://www.tripadvisor.com.ar/Attraction_Review-g32655-d13327615-Reviews-Bhagavad_gita_Diorama_Museum-Los_Angeles_California.html,West Pacific
CA,Boyden Cavern,Cavernas y cuevas,https://www.tripadvisor.com.ar/Attraction_Review-g143050-d456616-Reviews-Boyden_Cavern-Sequoia_and_Kings_Canyon_National_Park_California.html,West Pacific
CA,Robert Biale Vineyards,Viñedos con bodegas,https://www.tripadvisor.com.ar/Attraction_Review-g32766-d2561656-Reviews-Robert_Biale_Vineyards-Napa_Napa_Valley_California.html,West Pacific
CA,Parallel Napa Valley,Viñedos con bodegas,https://www.tripadvisor.com.ar/Attraction_Review-g33000-d15121408-Reviews-Parallel_Napa_Valley-St_Helena_Napa_Valley_California.html,West Pacific
CA,Stephen & Walker Winery,Viñedos con bodegas,https://www.tripadvisor.com.ar/Attraction_Review-g32482-d1036831-Reviews-Stephen_Walker_Winery-Healdsburg_Sonoma_County_California.html,West Pacific
CA,Salt Oasis,Spas,https://www.tripadvisor.com.ar/Attraction_Review-g32940-d8004808-Reviews-Salt_Oasis-Rancho_Cucamonga_California.html,West Pacific
CA,Dylan's Tours,"Tours por la ciudad, Tours en bicicleta",https://www.tripadvisor.com.ar/Attraction_Review-g60713-d1444435-Reviews-Dylan_s_Tours-San_Francisco_California.html,West Pacific
CA,U Ride,Taxis y otros servicios de traslado,https://www.tripadvisor.com.ar/Attraction_Review-g32655-d13829580-Reviews-U_Ride-Los_Angeles_California.html,West Pacific
CA,Elite Black Car Services,Taxis y otros servicios de traslado,https://www.tripadvisor.com.ar/Attraction_Review-g32406-d14900917-Reviews-Elite_Black_Car_Services-Fountain_Valley_California.html,West Pacific
CA,The Escape Revolution,"Juegos de escape, Centros de juego y entretenimiento",https://www.tripadvisor.com.ar/Attraction_Review-g32655-d23272288-Reviews-The_Escape_Revolution-Los_Angeles_California.html,West Pacific
CA,Local Tastes of the City Tours,"Tours por la ciudad, Tours culturales",https://www.tripadvisor.com.ar/Attraction_Review-g60713-d654621-Reviews-Local_Tastes_of_the_City_Tours-San_Francisco_California.html,West Pacific
CA,Malibu Wine Hikes,"Tours a pie, Tours de excursionismo y campamentos",https://www.tripadvisor.com.ar/Attraction_Review-g32676-d9786836-Reviews-Malibu_Wine_Hikes-Malibu_California.html,West Pacific
CA,Oceanside Adventures,"Tours en barco, Tours ecológicos",https://www.tripadvisor.com.ar/Attraction_Review-g32815-d8408191-Reviews-Oceanside_Adventures-Oceanside_California.html,West Pacific
CA,Chardonnay Sailing Charters,Tours en barco,https://www.tripadvisor.com.ar/Attraction_Review-g33048-d2256196-Reviews-Chardonnay_Sailing_Charters-Santa_Cruz_California.html,West Pacific
CA,Mount Hermon Adventures,Tirolesa y parques de aventuras aéreas,https://www.tripadvisor.com.ar/Attraction_Review-g32753-d1119959-Reviews-Mount_Hermon_Adventures-Mount_Hermon_California.html,West Pacific
CA,Adventure Whale Watching,"Tours en barco, Tours privados",https://www.tripadvisor.com.ar/Attraction_Review-g60750-d1549448-Reviews-Adventure_Whale_Watching-San_Diego_California.html,West Pacific
CA,San Francisco Sailing Company,"Tours en barco, Tours turísticos",https://www.tripadvisor.com.ar/Attraction_Review-g60713-d1651521-Reviews-San_Francisco_Sailing_Company-San_Francisco_California.html,West Pacific
CA,Aloha Brothers Surf Lessons,Surf y windsurf,https://www.tripadvisor.com.ar/Attraction_Review-g32655-d6592254-Reviews-Aloha_Brothers_Surf_Lessons-Los_Angeles_California.html,West Pacific
CA,Seaplane Adventures,Tours aéreos,https://www.tripadvisor.com.ar/Attraction_Review-g60909-d1744958-Reviews-Seaplane_Adventures-Mill_Valley_Marin_County_California.html,West Pacific
CA,Apex Limousine Transportation,"Taxis y otros servicios de traslado, Tours privados",https://www.tripadvisor.com.ar/Attraction_Review-g32766-d2208608-Reviews-Apex_Limousine_Transportation-Napa_Napa_Valley_California.html,West Pacific
CA,Sky Watcher Stargazing Tours,"Tours nocturnos, Tours turísticos",https://www.tripadvisor.com.ar/Attraction_Review-g32942-d8507822-Reviews-Sky_Watcher_Stargazing_Tours-Rancho_Mirage_Greater_Palm_Springs_California.html,West Pacific
CA,Noble Wine Tours,"Tours privados, Tours y catas de vino",https://www.tripadvisor.com.ar/Attraction_Review-g32766-d6875242-Reviews-Noble_Wine_Tours-Napa_Napa_Valley_California.html,West Pacific
CA,O’Neill Yacht Charters,"Tours en barco, Tours privados",https://www.tripadvisor.com.ar/Attraction_Review-g33048-d2572657-Reviews-O_Neill_Yacht_Charters-Santa_Cruz_California.html,West Pacific
CA,Margarita Adventures,"Tirolesa y parques de aventuras aéreas, Tours de naturaleza y vida silvestre",https://www.tripadvisor.com.ar/Attraction_Review-g33050-d2392169-Reviews-Margarita_Adventures-Santa_Margarita_San_Luis_Obispo_County_California.html,West Pacific
CA,California Overland Desert Excursions,Tours de naturaleza y vida silvestre,https://www.tripadvisor.com.ar/Attraction_Review-g32099-d939710-Reviews-California_Overland_Desert_Excursions-Borrego_Springs_California.html,West Pacific
CA,Free Tours by Foot,"Tours por la ciudad, Tours a pie",https://www.tripadvisor.com.ar/Attraction_Review-g60713-d6851161-Reviews-Free_Tours_by_Foot-San_Francisco_California.html,West Pacific
CA,Cliffhanger Guides,"Tours para practicar rápel y barranquismo, Tours extremos y de adrenalina",https://www.tripadvisor.com.ar/Attraction_Review-g32544-d2626702-Reviews-Cliffhanger_Guides-Joshua_Tree_California.html,West Pacific
CA,Rock 'n Walk Tours,Tours a pie,https://www.tripadvisor.com.ar/Attraction_Review-g33252-d13313494-Reviews-Rock_n_Walk_Tours-West_Hollywood_California.html,West Pacific
CA,Intimate Wine Tours,"Tours privados, Tours y catas de vino",https://www.tripadvisor.com.ar/Attraction_Review-g32766-d2142135-Reviews-Intimate_Wine_Tours-Napa_Napa_Valley_California.html,West Pacific
CA,Mad Dogs & Englishmen Bike Shop,"Tours en bicicleta, Alquileres de equipos",https://www.tripadvisor.com.ar/Attraction_Review-g32172-d14241393-Reviews-Mad_Dogs_Englishmen_Bike_Shop-Carmel_Monterey_County_California.html,West Pacific
CA,Newport Fun Tours,"Tours en barco, Tours turísticos",https://www.tripadvisor.com.ar/Attraction_Review-g32780-d2097599-Reviews-Newport_Fun_Tours-Newport_Beach_California.html,West Pacific
OR,Cannon Beach,Playas,https://www.tripadvisor.com.ar/Attraction_Review-g51790-d117451-Reviews-Cannon_Beach-Cannon_Beach_Oregon.html,West Pacific
OR,Haystack Rock,"Playas, Formaciones geológicas",https://www.tripadvisor.com.ar/Attraction_Review-g51790-d144419-Reviews-Haystack_Rock-Cannon_Beach_Oregon.html,West Pacific
OR,Oregon Coast Aquarium,Acuarios,https://www.tripadvisor.com.ar/Attraction_Review-g51992-d103459-Reviews-Oregon_Coast_Aquarium-Newport_Oregon.html,West Pacific
OR,Ecola State Park,Parques estatales,https://www.tripadvisor.com.ar/Attraction_Review-g51790-d294417-Reviews-Ecola_State_Park-Cannon_Beach_Oregon.html,West Pacific
OR,Astoria Column,"Áreas de naturaleza y vida silvestre, Monumentos y estatuas",https://www.tripadvisor.com.ar/Attraction_Review-g60806-d147171-Reviews-Astoria_Column-Astoria_Oregon.html,West Pacific
OR,Yaquina Head Outstanding Natural Area,Áreas de naturaleza y vida silvestre,https://www.tripadvisor.com.ar/Attraction_Review-g51992-d268808-Reviews-Yaquina_Head_Outstanding_Natural_Area-Newport_Oregon.html,West Pacific
OR,Columbia River Maritime Museum,"Museos especializados, Masas de agua",https://www.tripadvisor.com.ar/Attraction_Review-g60806-d107660-Reviews-Columbia_River_Maritime_Museum-Astoria_Oregon.html,West Pacific
OR,Heceta Head Lighthouse,Faros,https://www.tripadvisor.com.ar/Attraction_Review-g51867-d274040-Reviews-Heceta_Head_Lighthouse-Florence_Oregon.html,West Pacific
OR,Cape Perpetua Scenic Area,"Parques estatales, Rutas turísticas",https://www.tripadvisor.com.ar/Attraction_Review-g52148-d566965-Reviews-Cape_Perpetua_Scenic_Area-Yachats_Oregon.html,West Pacific
OR,Devils Punchbowl State Natural Area,"Parques estatales, Playas",https://www.tripadvisor.com.ar/Attraction_Review-g51992-d566971-Reviews-Devils_Punchbowl_State_Natural_Area-Newport_Oregon.html,West Pacific
OR,Fort Clatsop National Memorial,"Lugares históricos, Parques nacionales",https://www.tripadvisor.com.ar/Attraction_Review-g60806-d147174-Reviews-Fort_Clatsop_National_Memorial-Astoria_Oregon.html,West Pacific
OR,Newport's Historic Bayfront,Muelles y paseos peatonales,https://www.tripadvisor.com.ar/Attraction_Review-g51992-d2264420-Reviews-Newport_s_Historic_Bayfront-Newport_Oregon.html,West Pacific
OR,Yaquina Bay Lighthouse,Faros,https://www.tripadvisor.com.ar/Attraction_Review-g51992-d268809-Reviews-Yaquina_Bay_Lighthouse-Newport_Oregon.html,West Pacific
OR,Lincoln City Glass Center,Galerías de arte,https://www.tripadvisor.com.ar/Attraction_Review-g51947-d4437523-Reviews-Lincoln_City_Glass_Center-Lincoln_City_Oregon.html,West Pacific
OR,Face Rock State Scenic Viewpoint,"Parques estatales, Áreas de naturaleza y vida silvestre",https://www.tripadvisor.com.ar/Attraction_Review-g51758-d281021-Reviews-Face_Rock_State_Scenic_Viewpoint-Bandon_Oregon.html,West Pacific
OR,Sea Lion Caves,Cavernas y cuevas,https://www.tripadvisor.com.ar/Attraction_Review-g51867-d286030-Reviews-Sea_Lion_Caves-Florence_Oregon.html,West Pacific
OR,Cannon Beach,Playas,https://www.tripadvisor.com.ar/Attraction_Review-g51790-d117451-Reviews-Cannon_Beach-Cannon_Beach_Oregon.html,West Pacific
OR,Haystack Rock,"Playas, Formaciones geológicas",https://www.tripadvisor.com.ar/Attraction_Review-g51790-d144419-Reviews-Haystack_Rock-Cannon_Beach_Oregon.html,West Pacific
OR,Oregon Coast Aquarium,Acuarios,https://www.tripadvisor.com.ar/Attraction_Review-g51992-d103459-Reviews-Oregon_Coast_Aquarium-Newport_Oregon.html,West Pacific
OR,Ecola State Park,Parques estatales,https://www.tripadvisor.com.ar/Attraction_Review-g51790-d294417-Reviews-Ecola_State_Park-Cannon_Beach_Oregon.html,West Pacific
OR,Astoria Column,"Áreas de naturaleza y vida silvestre, Monumentos y estatuas",https://www.tripadvisor.com.ar/Attraction_Review-g60806-d147171-Reviews-Astoria_Column-Astoria_Oregon.html,West Pacific
OR,Yaquina Head Outstanding Natural Area,Áreas de naturaleza y vida silvestre,https://www.tripadvisor.com.ar/Attraction_Review-g51992-d268808-Reviews-Yaquina_Head_Outstanding_Natural_Area-Newport_Oregon.html,West Pacific
OR,Columbia River Maritime Museum,"Museos especializados, Masas de agua",https://www.tripadvisor.com.ar/Attraction_Review-g60806-d107660-Reviews-Columbia_River_Maritime_Museum-Astoria_Oregon.html,West Pacific
OR,Otter Crest Loop,Rutas turísticas,https://www.tripadvisor.com.ar/Attraction_Review-g51838-d3595557-Reviews-Otter_Crest_Loop-Depoe_Bay_Oregon.html,West Pacific
OR,High Life Adventures,Tours turísticos,https://www.tripadvisor.com.ar/Attraction_Review-g52124-d3190818-Reviews-High_Life_Adventures-Warrenton_Oregon.html,West Pacific
WA,Chihuly Garden and Glass,"Galerías de arte, Museos de arte",https://www.tripadvisor.com.ar/Attraction_Review-g60878-d3184389-Reviews-Chihuly_Garden_and_Glass-Seattle_Washington.html,West Pacific
WA,Pike Place Market,Mercados de agricultores,https://www.tripadvisor.com.ar/Attraction_Review-g60878-d103584-Reviews-Pike_Place_Market-Seattle_Washington.html,West Pacific
WA,Space Needle,"Monumentos y lugares de interés, Torres y observatorios",https://www.tripadvisor.com.ar/Attraction_Review-g60878-d123109-Reviews-Space_Needle-Seattle_Washington.html,West Pacific
WA,The Museum of Flight,Museos especializados,https://www.tripadvisor.com.ar/Attraction_Review-g60878-d109350-Reviews-The_Museum_of_Flight-Seattle_Washington.html,West Pacific
WA,Mount Rainier,Montañas,https://www.tripadvisor.com.ar/Attraction_Review-g143044-d145643-Reviews-Mount_Rainier-Mount_Rainier_National_Park_Washington.html,West Pacific
WA,Parque Kerry,Parques,https://www.tripadvisor.com.ar/Attraction_Review-g60878-d1050677-Reviews-Kerry_Park-Seattle_Washington.html,West Pacific
WA,Snoqualmie Falls,"Rutas para senderismo, Cascadas",https://www.tripadvisor.com.ar/Attraction_Review-g58748-d141315-Reviews-Snoqualmie_Falls-Snoqualmie_Washington.html,West Pacific
WA,Museum of Pop Culture,Museos especializados,https://www.tripadvisor.com.ar/Attraction_Review-g60878-d146840-Reviews-Museum_of_Pop_Culture-Seattle_Washington.html,West Pacific
WA,T-Mobile Park,Campos de juego y estadios,https://www.tripadvisor.com.ar/Attraction_Review-g60878-d531952-Reviews-T_Mobile_Park-Seattle_Washington.html,West Pacific
WA,Hiram M. Chittenden Locks,"Masas de agua, Monumentos y lugares de interés",https://www.tripadvisor.com.ar/Attraction_Review-g60878-d319153-Reviews-Hiram_M_Chittenden_Locks-Seattle_Washington.html,West Pacific
WA,Sky View Observatory,"Edificios con valor arquitectónico, Torres y observatorios",https://www.tripadvisor.com.ar/Attraction_Review-g60878-d143564-Reviews-Sky_View_Observatory-Seattle_Washington.html,West Pacific
WA,Hoh Rain Forest,Bosques,https://www.tripadvisor.com.ar/Attraction_Review-g143047-d104771-Reviews-Hoh_Rain_Forest-Olympic_National_Park_Washington.html,West Pacific
WA,Hurricane Ridge,"Monumentos y lugares de interés, Rutas para senderismo",https://www.tripadvisor.com.ar/Attraction_Review-g143047-d547251-Reviews-Hurricane_Ridge-Olympic_National_Park_Washington.html,West Pacific
WA,Deception Pass State Park,"Parques estatales, Masas de agua",https://www.tripadvisor.com.ar/Attraction_Review-g58643-d141364-Reviews-Deception_Pass_State_Park-Oak_Harbor_Whidbey_Island_Washington.html,West Pacific
WA,Parque Manito,"Parques, Jardines",https://www.tripadvisor.com.ar/Attraction_Review-g58759-d278197-Reviews-Manito_Park-Spokane_Washington.html,West Pacific
WA,Point Defiance Park,"Parques estatales, Zoológicos",https://www.tripadvisor.com.ar/Attraction_Review-g58775-d254536-Reviews-Point_Defiance_Park-Tacoma_Washington.html,West Pacific
WA,Cape Flattery Trail,Rutas para senderismo,https://www.tripadvisor.com.ar/Attraction_Review-g58630-d104775-Reviews-Cape_Flattery_Trail-Neah_Bay_Clallam_County_Washington.html,West Pacific
WA,Seattle Public Library,"Edificios con valor arquitectónico, Bibliotecas",https://www.tripadvisor.com.ar/Attraction_Review-g60878-d558679-Reviews-Seattle_Public_Library-Seattle_Washington.html,West Pacific
WA,Klondike Gold Rush National Historical Park,"Parques nacionales, Museos de historia",https://www.tripadvisor.com.ar/Attraction_Review-g60878-d141275-Reviews-Klondike_Gold_Rush_National_Historical_Park-Seattle_Washington.html,West Pacific
WA,Whatcom Falls Park,"Parques, Rutas para senderismo",https://www.tripadvisor.com.ar/Attraction_Review-g58350-d1167377-Reviews-Whatcom_Falls_Park-Bellingham_Washington.html,West Pacific
WA,Leavenworth Reindeer Farm,Zoológicos,https://www.tripadvisor.com.ar/Attraction_Review-g58560-d12065473-Reviews-Leavenworth_Reindeer_Farm-Leavenworth_Washington.html,West Pacific
WA,Riverfront Park,Parques,https://www.tripadvisor.com.ar/Attraction_Review-g58759-d146280-Reviews-Riverfront_Park-Spokane_Washington.html,West Pacific
WA,Museum of History & Industry,"Museos especializados, Museos de historia",https://www.tripadvisor.com.ar/Attraction_Review-g60878-d141518-Reviews-Museum_of_History_Industry-Seattle_Washington.html,West Pacific
WA,Chihuly Garden and Glass,"Galerías de arte, Museos de arte",https://www.tripadvisor.com.ar/Attraction_Review-g60878-d3184389-Reviews-Chihuly_Garden_and_Glass-Seattle_Washington.html,West Pacific
WA,Pike Place Market,Mercados de agricultores,https://www.tripadvisor.com.ar/Attraction_Review-g60878-d103584-Reviews-Pike_Place_Market-Seattle_Washington.html,West Pacific
WA,Space Needle,"Monumentos y lugares de interés, Torres y observatorios",https://www.tripadvisor.com.ar/Attraction_Review-g60878-d123109-Reviews-Space_Needle-Seattle_Washington.html,West Pacific
WA,Marymere Falls,Cascadas,https://www.tripadvisor.com.ar/Attraction_Review-g60921-d117082-Reviews-Marymere_Falls-Port_Angeles_Clallam_County_Washington.html,West Pacific
WA,Alki Beach,Playas,https://www.tripadvisor.com.ar/Attraction_Review-g60878-d141235-Reviews-Alki_Beach-Seattle_Washington.html,West Pacific
WA,Mount St. Helens,"Montañas, Volcanes",https://www.tripadvisor.com.ar/Attraction_Review-g28968-d109354-Reviews-Mount_St_Helens-Washington.html,West Pacific
WA,Bill & Melinda Gates Foundation Discovery Center,Museos especializados,https://www.tripadvisor.com.ar/Attraction_Review-g60878-d2484267-Reviews-Bill_Melinda_Gates_Foundation_Discovery_Center-Seattle_Washington.html,West Pacific
WA,Waterfront Park,Parques,https://www.tripadvisor.com.ar/Attraction_Review-g58560-d146148-Reviews-Waterfront_Park-Leavenworth_Washington.html,West Pacific
WA,Seattle Light Rail Service,Servicios de ferrocarril,https://www.tripadvisor.com.ar/Attraction_Review-g60878-d7788019-Reviews-Seattle_Light_Rail_Service-Seattle_Washington.html,West Pacific
WA,Starbucks Reserve Roastery Seattle,"Tiendas de regalos, Monumentos y lugares de interés",https://www.tripadvisor.com.ar/Attraction_Review-g60878-d7321281-Reviews-Starbucks_Reserve_Roastery_Seattle-Seattle_Washington.html,West Pacific
WA,Chihuly Garden and Glass,"Galerías de arte, Museos de arte",https://www.tripadvisor.com.ar/Attraction_Review-g60878-d3184389-Reviews-Chihuly_Garden_and_Glass-Seattle_Washington.html,West Pacific
WA,Pike Place Market,Mercados de agricultores,https://www.tripadvisor.com.ar/Attraction_Review-g60878-d103584-Reviews-Pike_Place_Market-Seattle_Washington.html,West Pacific
WA,Space Needle,"Monumentos y lugares de interés, Torres y observatorios",https://www.tripadvisor.com.ar/Attraction_Review-g60878-d123109-Reviews-Space_Needle-Seattle_Washington.html,West Pacific
WA,The Museum of Flight,Museos especializados,https://www.tripadvisor.com.ar/Attraction_Review-g60878-d109350-Reviews-The_Museum_of_Flight-Seattle_Washington.html,West Pacific
WA,Mount Rainier,Montañas,https://www.tripadvisor.com.ar/Attraction_Review-g143044-d145643-Reviews-Mount_Rainier-Mount_Rainier_National_Park_Washington.html,West Pacific
WA,Parque Kerry,Parques,https://www.tripadvisor.com.ar/Attraction_Review-g60878-d1050677-Reviews-Kerry_Park-Seattle_Washington.html,West Pacific
WA,Snoqualmie Falls,"Rutas para senderismo, Cascadas",https://www.tripadvisor.com.ar/Attraction_Review-g58748-d141315-Reviews-Snoqualmie_Falls-Snoqualmie_Washington.html,West Pacific
WA,Museum of Pop Culture,Museos especializados,https://www.tripadvisor.com.ar/Attraction_Review-g60878-d146840-Reviews-Museum_of_Pop_Culture-Seattle_Washington.html,West Pacific
WA,T-Mobile Park,Campos de juego y estadios,https://www.tripadvisor.com.ar/Attraction_Review-g60878-d531952-Reviews-T_Mobile_Park-Seattle_Washington.html,West Pacific
WA,Hiram M. Chittenden Locks,"Masas de agua, Monumentos y lugares de interés",https://www.tripadvisor.com.ar/Attraction_Review-g60878-d319153-Reviews-Hiram_M_Chittenden_Locks-Seattle_Washington.html,West Pacific
WA,Sky View Observatory,"Edificios con valor arquitectónico, Torres y observatorios",https://www.tripadvisor.com.ar/Attraction_Review-g60878-d143564-Reviews-Sky_View_Observatory-Seattle_Washington.html,West Pacific
WA,Hoh Rain Forest,Bosques,https://www.tripadvisor.com.ar/Attraction_Review-g143047-d104771-Reviews-Hoh_Rain_Forest-Olympic_National_Park_Washington.html,West Pacific
WA,Hurricane Ridge,"Monumentos y lugares de interés, Rutas para senderismo",https://www.tripadvisor.com.ar/Attraction_Review-g143047-d547251-Reviews-Hurricane_Ridge-Olympic_National_Park_Washington.html,West Pacific
WA,Deception Pass State Park,"Parques estatales, Masas de agua",https://www.tripadvisor.com.ar/Attraction_Review-g58643-d141364-Reviews-Deception_Pass_State_Park-Oak_Harbor_Whidbey_Island_Washington.html,West Pacific
WA,Parque Manito,"Parques, Jardines",https://www.tripadvisor.com.ar/Attraction_Review-g58759-d278197-Reviews-Manito_Park-Spokane_Washington.html,West Pacific
WA,Point Defiance Park,"Parques estatales, Zoológicos",https://www.tripadvisor.com.ar/Attraction_Review-g58775-d254536-Reviews-Point_Defiance_Park-Tacoma_Washington.html,West Pacific
WA,Cape Flattery Trail,Rutas para senderismo,https://www.tripadvisor.com.ar/Attraction_Review-g58630-d104775-Reviews-Cape_Flattery_Trail-Neah_Bay_Clallam_County_Washington.html,West Pacific
WA,Seattle Public Library,"Edificios con valor arquitectónico, Bibliotecas",https://www.tripadvisor.com.ar/Attraction_Review-g60878-d558679-Reviews-Seattle_Public_Library-Seattle_Washington.html,West Pacific
WA,Klondike Gold Rush National Historical Park,"Parques nacionales, Museos de historia",https://www.tripadvisor.com.ar/Attraction_Review-g60878-d141275-Reviews-Klondike_Gold_Rush_National_Historical_Park-Seattle_Washington.html,West Pacific
WA,Whatcom Falls Park,"Parques, Rutas para senderismo",https://www.tripadvisor.com.ar/Attraction_Review-g58350-d1167377-Reviews-Whatcom_Falls_Park-Bellingham_Washington.html,West Pacific
WA,Leavenworth Reindeer Farm,Zoológicos,https://www.tripadvisor.com.ar/Attraction_Review-g58560-d12065473-Reviews-Leavenworth_Reindeer_Farm-Leavenworth_Washington.html,West Pacific
WA,Riverfront Park,Parques,https://www.tripadvisor.com.ar/Attraction_Review-g58759-d146280-Reviews-Riverfront_Park-Spokane_Washington.html,West Pacific
WA,Museum of History & Industry,"Museos especializados, Museos de historia",https://www.tripadvisor.com.ar/Attraction_Review-g60878-d141518-Reviews-Museum_of_History_Industry-Seattle_Washington.html,West Pacific
WA,Chihuly Garden and Glass,"Galerías de arte, Museos de arte",https://www.tripadvisor.com.ar/Attraction_Review-g60878-d3184389-Reviews-Chihuly_Garden_and_Glass-Seattle_Washington.html,West Pacific
WA,Marymere Falls,Cascadas,https://www.tripadvisor.com.ar/Attraction_Review-g60921-d117082-Reviews-Marymere_Falls-Port_Angeles_Clallam_County_Washington.html,West Pacific
WA,Alki Beach,Playas,https://www.tripadvisor.com.ar/Attraction_Review-g60878-d141235-Reviews-Alki_Beach-Seattle_Washington.html,West Pacific
WA,Mount St. Helens,"Montañas, Volcanes",https://www.tripadvisor.com.ar/Attraction_Review-g28968-d109354-Reviews-Mount_St_Helens-Washington.html,West Pacific
WA,Bill & Melinda Gates Foundation Discovery Center,Museos especializados,https://www.tripadvisor.com.ar/Attraction_Review-g60878-d2484267-Reviews-Bill_Melinda_Gates_Foundation_Discovery_Center-Seattle_Washington.html,West Pacific
WA,Waterfront Park,Parques,https://www.tripadvisor.com.ar/Attraction_Review-g58560-d146148-Reviews-Waterfront_Park-Leavenworth_Washington.html,West Pacific
WA,Seattle Japanese Garden,Jardines,https://www.tripadvisor.com.ar/Attraction_Review-g60878-d141346-Reviews-Seattle_Japanese_Garden-Seattle_Washington.html,West Pacific
WA,Seattle Light Rail Service,Servicios de ferrocarril,https://www.tripadvisor.com.ar/Attraction_Review-g60878-d7788019-Reviews-Seattle_Light_Rail_Service-Seattle_Washington.html,West Pacific
